monomials, layers
10,3
10,2
10,2
10,2
10,2
10,3
10,2
10,2
10,3
10,2
10,3
10,2
10,2
10,2
10,2
10,2
10,2
10,3
10,2
10,3
10,2
10,2
10,3
10,2
10,2
10,2
10,2
10,2
10,2
10,3
10,2
10,3
10,3
10,3
10,2
10,2
10,2
10,3
10,3
10,2
10,2
10,3
10,2
10,2
10,2
10,3
10,2
10,2
10,2
10,3
20,4
20,3
20,3
20,3
20,4
20,4
20,3
20,4
20,4
20,4
20,3
20,4
20,4
20,3
20,4
20,4
20,4
20,3
20,4
20,4
20,4
20,4
20,4
20,3
20,4
20,4
20,3
20,4
20,4
20,4
20,4
20,4
20,3
20,4
20,4
20,4
20,4
20,4
20,4
20,3
20,4
20,4
20,4
20,4
20,4
20,3
20,4
20,3
20,3
20,4
20,4
20,4
20,3
20,4
20,4
20,4
20,3
20,3
20,4
20,4
20,4
20,4
20,3
20,4
20,4
20,3
20,4
20,4
20,4
20,4
20,4
20,4
20,4
20,3
20,4
20,4
20,4
20,4
20,4
20,4
20,4
20,3
20,3
20,4
20,4
20,4
20,4
20,4
20,4
20,4
20,4
20,3
20,3
20,4
20,4
20,4
20,4
20,4
20,4
20,3
30,5
30,5
30,5
30,5
30,5
30,5
30,4
30,5
30,5
30,4
30,5
30,4
30,4
30,5
30,5
30,5
30,5
30,4
30,4
30,4
30,5
30,5
30,5
30,5
30,5
30,5
30,5
30,5
30,5
30,5
30,4
30,5
30,5
30,5
30,4
30,5
30,5
30,5
30,4
30,5
30,6
30,5
30,4
30,4
30,5
30,4
30,5
30,5
30,5
30,5
30,6
30,4
30,5
30,4
30,5
30,5
30,5
30,5
30,5
30,5
30,5
30,4
30,4
30,5
30,5
30,5
30,5
30,5
30,5
30,5
30,5
30,5
30,5
30,5
30,4
30,4
30,5
30,5
30,4
30,5
30,5
30,5
30,5
30,5
30,4
30,5
30,5
30,4
30,5
30,5
30,5
30,4
30,4
30,5
30,5
30,5
30,5
30,5
30,5
30,5
29,5
30,5
29,5
30,4
30,5
30,6
30,4
30,5
30,4
30,4
30,5
30,4
30,4
30,5
30,5
30,5
30,5
30,4
30,4
30,5
30,5
30,5
30,4
30,5
30,5
30,4
30,5
30,5
30,5
30,5
30,5
30,5
30,4
30,5
30,6
30,5
30,5
30,6
30,5
30,5
30,5
30,5
30,5
30,4
30,5
30,5
30,4
30,5
30,5
30,5
40,6
40,6
40,6
40,5
40,6
40,6
40,5
40,6
40,6
40,6
40,5
40,6
40,6
40,5
40,6
40,6
40,5
40,6
40,6
40,5
40,6
40,6
40,6
40,6
40,6
40,6
40,6
40,6
40,5
40,6
39,7
40,6
40,6
40,6
40,5
40,6
40,6
40,6
40,5
40,6
40,6
40,6
40,6
40,6
40,6
40,5
40,6
40,6
40,6
40,6
40,6
40,7
40,6
40,6
40,5
40,6
40,5
40,6
40,6
40,5
40,5
40,6
40,5
40,6
40,5
40,5
40,6
40,6
40,6
40,6
40,6
40,7
40,6
40,5
40,6
39,6
40,6
40,5
40,6
40,6
40,6
40,6
40,5
40,6
40,5
40,5
40,5
40,6
40,5
40,5
40,6
40,6
40,5
40,6
40,5
40,6
40,5
40,6
40,6
40,6
40,6
40,6
40,6
40,6
40,5
40,6
40,6
40,5
40,6
40,5
40,5
40,6
40,6
40,6
40,6
40,6
40,5
40,6
40,5
40,5
40,6
40,6
40,7
40,6
40,6
40,6
40,6
40,6
40,7
40,6
40,5
40,6
40,5
40,6
40,5
40,5
40,6
40,6
40,5
40,6
40,5
40,5
40,6
40,6
40,6
40,6
40,5
40,6
40,6
40,6
40,6
40,6
40,5
40,6
39,5
40,5
40,6
40,6
40,5
40,6
40,5
40,6
40,5
40,6
40,6
40,6
40,6
40,6
40,5
40,5
40,6
40,6
40,5
40,6
40,6
40,6
40,6
40,6
40,6
40,5
40,5
40,6
40,6
40,5
40,6
40,6
40,6
40,5
40,5
40,5
40,7
40,6
40,6
40,6
40,6
40,6
40,6
40,5
40,5
40,6
50,7
50,7
50,6
50,7
50,7
50,7
50,7
50,6
50,6
50,6
50,6
50,7
50,7
49,7
50,7
50,7
50,6
50,7
50,5
50,6
50,6
50,7
50,6
50,6
49,8
50,6
50,7
50,6
50,7
50,7
50,6
50,7
50,7
50,7
50,7
50,7
50,7
50,7
50,7
50,7
50,7
50,8
50,7
50,6
50,7
50,7
50,7
50,7
50,7
50,7
50,6
50,7
50,6
50,7
50,6
50,6
50,7
50,6
50,7
50,7
49,7
49,7
50,6
50,7
50,7
50,6
50,6
50,6
50,6
50,7
50,7
50,6
50,7
50,6
50,7
50,6
50,6
50,7
50,7
50,6
50,6
50,7
50,7
50,6
50,7
50,8
50,6
50,6
50,7
50,7
50,7
50,6
50,7
50,7
50,7
50,6
50,6
50,7
50,6
50,7
50,7
50,7
50,7
50,7
50,6
50,7
50,7
50,6
50,7
50,6
50,7
50,6
50,7
50,6
50,7
50,7
50,7
50,7
50,6
50,7
50,6
50,6
50,6
49,6
50,6
50,6
50,6
50,7
50,7
50,7
50,7
50,7
50,6
50,6
50,6
50,7
50,7
50,6
50,7
50,6
50,7
50,7
50,7
50,7
50,7
50,7
50,7
50,7
50,7
50,7
50,7
50,6
50,8
50,6
50,6
50,6
50,6
50,8
50,6
50,7
49,7
50,7
50,6
50,7
50,7
50,6
50,7
50,7
50,7
50,6
50,7
50,7
50,7
50,7
50,6
50,7
50,6
50,7
50,7
50,7
50,7
49,6
50,8
50,7
50,7
50,7
50,7
50,7
50,7
50,6
50,7
50,7
50,8
50,7
50,7
50,7
50,7
50,7
50,7
50,7
50,6
50,7
50,7
50,7
50,7
50,7
50,7
50,7
50,6
50,6
50,7
50,7
50,8
50,7
50,7
50,7
50,6
50,8
50,6
50,7
50,6
50,6
50,7
50,7
50,7
50,6
50,6
50,7
50,7
50,7
50,6
50,7
50,6
50,7
50,6
50,7
50,7
49,7
50,7
50,8
50,7
50,7
50,7
50,6
50,6
50,6
50,7
50,7
50,7
50,6
60,8
60,8
60,7
60,7
60,7
60,7
60,8
60,7
60,7
60,7
60,8
59,7
60,7
60,7
60,8
60,6
60,7
60,7
60,7
60,7
59,9
60,7
60,8
60,8
60,8
60,7
60,8
60,7
60,8
60,7
60,7
60,7
60,8
60,8
60,9
60,8
60,7
60,7
60,8
60,8
60,8
60,8
60,7
60,7
60,7
60,8
60,8
60,8
60,8
60,7
59,7
59,7
60,7
60,7
60,7
60,7
60,7
60,7
60,7
60,7
60,8
59,8
60,7
59,8
60,8
60,7
60,7
60,8
60,7
60,7
60,7
60,7
60,8
60,8
60,8
60,8
60,7
60,8
60,7
60,8
60,7
60,8
60,7
60,8
60,7
60,8
60,8
60,7
60,8
60,6
60,7
60,9
60,7
60,7
60,6
60,7
60,7
60,6
60,8
60,8
60,7
60,7
60,7
60,7
60,8
60,7
60,8
60,7
60,7
60,8
60,8
60,7
60,7
60,8
60,7
60,8
60,7
60,7
60,8
60,7
60,8
60,8
60,8
60,8
60,8
60,7
60,7
60,7
60,7
60,7
60,7
60,8
60,7
59,7
60,8
60,7
60,8
60,8
60,9
60,8
60,8
60,7
60,8
60,8
60,7
60,7
60,7
60,8
60,8
60,7
60,8
59,7
60,7
60,8
60,7
60,8
60,7
60,7
60,8
59,8
60,8
60,8
60,8
60,7
59,7
60,7
60,8
60,7
60,7
60,8
60,8
60,8
60,7
60,8
60,7
60,8
60,7
60,8
60,7
60,8
60,7
60,7
60,8
60,7
60,7
60,7
60,7
60,7
60,7
60,7
60,8
60,8
60,9
60,7
60,8
60,7
60,8
60,8
60,8
60,8
60,8
60,8
60,7
60,8
60,7
60,8
60,8
60,8
60,8
60,7
60,8
60,7
60,8
60,8
60,8
60,8
60,8
60,7
60,8
60,7
60,8
59,7
60,7
60,7
60,9
59,8
60,8
60,8
60,8
60,8
60,7
60,7
60,8
60,7
60,7
60,8
60,7
60,7
60,7
60,7
60,8
60,7
60,7
60,8
60,7
60,7
60,7
60,7
60,7
60,8
60,8
60,9
60,7
60,7
59,7
60,7
60,7
60,8
60,8
60,8
60,7
60,8
60,7
60,7
60,6
60,8
60,8
60,7
60,8
60,7
60,7
60,7
60,7
60,7
60,7
60,8
60,7
60,7
60,7
60,8
60,8
60,7
60,8
60,8
59,8
60,8
60,8
60,8
60,7
60,8
60,8
60,7
60,7
60,8
60,8
60,8
60,7
60,7
60,8
60,9
70,8
70,8
70,8
70,8
70,8
70,8
70,8
70,8
70,8
69,8
70,9
70,8
70,8
70,8
70,8
70,8
70,7
69,9
70,8
70,8
70,9
70,9
70,9
70,8
70,8
70,9
69,9
70,9
70,8
70,9
70,9
70,8
70,8
70,9
70,9
70,9
70,8
70,8
70,8
70,8
70,8
70,8
70,9
69,8
70,9
70,8
70,8
70,8
70,7
70,8
70,8
70,9
70,8
70,8
69,8
70,9
70,9
70,8
70,8
70,8
70,8
70,8
70,8
70,8
70,9
70,8
70,9
70,9
70,8
70,9
70,8
70,9
70,8
70,8
70,7
70,8
70,8
70,8
70,9
70,8
70,8
70,8
70,8
70,7
70,9
70,9
70,8
70,8
69,8
70,8
70,8
70,8
70,8
70,8
70,9
70,8
70,7
70,8
70,7
70,9
70,8
70,9
70,7
70,8
70,8
70,9
70,8
70,9
70,8
70,7
70,8
70,8
70,9
70,8
68,8
70,9
70,8
70,9
70,9
70,10
70,9
70,8
70,8
70,8
70,7
70,8
70,8
70,8
70,8
69,8
70,9
70,8
70,8
70,8
70,10
70,9
69,8
70,8
70,9
70,9
69,8
70,9
70,9
70,9
70,8
70,9
70,9
70,8
70,8
70,8
70,8
70,8
70,9
70,8
70,8
70,9
70,9
70,8
70,8
70,8
70,9
70,9
70,8
70,9
70,8
70,8
70,8
70,9
70,8
69,9
70,8
70,9
70,8
70,8
70,9
70,8
70,8
70,9
70,8
70,8
70,8
70,8
70,8
70,9
70,9
70,9
70,7
70,8
70,8
70,8
70,8
70,8
70,9
69,9
70,9
70,8
70,9
70,9
70,8
70,8
70,8
70,8
70,8
70,8
70,8
70,8
70,10
70,8
70,8
70,8
70,7
70,8
70,8
70,8
70,8
70,9
70,8
70,8
70,8
70,8
70,8
70,9
70,9
70,8
70,8
70,8
70,8
70,9
70,9
70,8
70,8
70,8
70,7
70,8
70,9
70,9
70,8
70,8
70,9
70,8
70,9
70,8
70,8
69,9
70,8
70,9
70,9
69,9
70,9
70,8
70,8
70,8
70,8
70,8
70,8
70,9
70,8
70,9
70,9
70,9
70,7
70,9
70,9
70,9
70,9
70,8
70,10
70,9
70,9
70,7
70,8
70,9
70,8
70,9
70,8
70,9
70,9
70,9
70,8
70,8
70,9
70,9
70,8
70,9
70,9
70,8
70,8
70,9
70,8
70,8
70,9
70,9
70,9
70,9
70,8
70,7
70,8
70,8
70,8
70,8
70,8
70,8
70,9
70,9
70,9
70,8
70,9
70,9
70,9
70,9
70,8
70,9
70,9
70,9
70,9
70,9
70,9
70,8
70,8
70,8
70,9
70,9
70,8
70,8
70,8
70,8
70,9
70,9
70,8
70,8
70,8
70,9
70,8
70,8
70,8
70,8
70,8
70,8
70,8
70,9
70,9
70,8
70,9
70,8
70,8
70,9
70,9
70,8
69,8
70,8
80,9
80,9
80,9
80,9
80,9
80,10
80,9
80,9
80,9
80,9
80,10
80,9
80,9
80,9
80,8
79,9
80,9
80,9
80,10
80,9
80,9
80,9
80,8
80,9
80,9
80,9
80,10
80,9
80,9
80,10
80,10
80,10
80,9
80,9
80,9
80,9
80,9
79,10
79,9
80,9
80,8
80,8
80,8
80,10
80,8
80,9
80,9
79,9
80,9
80,9
80,10
80,9
80,9
80,9
80,9
80,9
80,10
80,9
80,9
80,9
80,9
80,9
80,9
80,9
80,10
80,9
78,9
80,9
80,10
80,9
80,8
80,9
80,9
80,8
80,9
80,9
80,9
79,9
80,9
80,8
80,9
80,9
80,9
80,9
80,8
80,8
80,9
80,9
80,9
80,8
80,9
80,9
80,10
80,10
80,9
80,10
80,9
80,9
80,9
80,9
79,10
80,9
80,9
80,10
80,11
80,10
80,8
80,9
79,9
80,9
80,8
80,10
80,9
79,9
80,9
80,9
80,9
80,9
80,10
79,9
80,9
80,10
80,10
79,9
80,9
80,10
80,9
80,10
80,10
80,9
80,8
80,9
80,9
80,9
80,9
80,9
80,9
80,9
80,9
80,9
80,9
80,9
80,9
80,9
80,9
80,9
80,9
80,10
79,9
80,10
80,10
80,9
80,9
80,9
80,9
80,10
80,10
80,9
80,8
80,9
80,9
80,9
80,9
80,9
80,9
80,9
80,9
80,9
80,11
79,9
80,10
80,9
80,9
80,9
80,10
80,9
80,10
80,8
80,10
80,9
80,9
80,9
80,9
80,9
80,9
80,9
80,9
80,9
80,11
80,8
80,8
80,9
80,9
80,9
80,10
80,8
80,8
80,9
80,8
80,10
80,8
80,8
80,9
80,8
80,8
80,9
80,10
80,9
80,9
80,9
80,9
80,10
80,10
79,9
80,9
80,10
79,9
80,10
80,8
80,9
80,9
80,10
80,8
80,9
80,10
79,9
80,9
80,9
80,9
80,10
80,10
80,10
80,9
80,10
80,9
80,10
80,9
80,10
80,9
80,9
80,9
80,9
80,10
80,9
80,9
80,9
80,9
80,10
80,8
80,9
80,8
80,9
80,9
80,8
80,9
80,9
80,9
80,9
80,9
80,9
80,10
80,10
79,9
80,9
80,10
80,9
80,9
80,8
80,9
80,9
80,9
80,9
80,9
80,9
80,10
80,10
80,10
80,9
80,9
80,9
80,10
80,9
80,9
80,9
80,8
80,9
80,9
80,8
80,10
80,9
80,9
80,9
80,9
80,9
80,10
80,9
80,9
79,10
80,9
80,9
80,8
80,10
80,9
80,9
79,8
80,8
80,9
80,9
80,9
80,8
80,8
79,9
80,9
79,9
80,10
80,9
80,9
80,9
80,9
80,10
80,9
80,10
80,9
79,9
80,9
80,9
80,9
80,9
80,9
79,10
80,9
80,9
80,9
80,10
80,8
80,9
80,8
80,9
80,8
80,8
80,9
80,9
80,10
80,8
80,10
80,9
80,9
80,10
80,9
80,10
80,9
80,8
80,9
79,9
80,10
80,10
80,9
80,9
80,9
80,10
80,9
80,8
80,10
80,9
80,9
80,11
80,9
80,8
80,9
80,10
80,9
80,8
80,9
80,9
80,9
80,9
80,9
80,9
80,9
80,10
80,9
80,9
80,9
80,9
80,10
80,9
80,9
80,9
80,9
80,8
80,9
80,9
80,8
80,9
80,10
80,9
80,10
80,9
80,10
80,9
90,9
90,9
90,10
90,10
90,10
90,9
90,10
89,10
90,10
90,11
90,9
90,9
90,10
89,11
90,10
90,10
90,10
90,11
90,10
90,10
89,10
90,10
90,10
90,10
90,10
90,10
90,10
90,9
90,10
90,9
90,10
90,10
90,10
89,10
89,10
90,10
90,10
90,10
90,11
90,9
90,9
90,9
89,9
90,10
90,10
90,10
90,10
89,9
90,10
90,9
90,11
90,10
90,10
90,10
90,11
90,10
90,10
90,10
90,9
89,9
90,10
90,10
90,9
90,10
90,10
90,10
90,10
90,10
89,10
90,10
90,9
90,9
90,10
90,10
90,9
90,10
90,9
90,10
90,10
90,9
90,10
90,10
90,11
90,10
90,10
90,8
90,10
90,9
90,11
90,10
90,9
90,10
90,11
90,10
90,10
90,10
89,10
90,9
90,10
90,10
90,10
90,10
90,11
90,10
90,10
90,10
89,10
90,10
90,11
89,10
90,10
90,10
90,10
90,11
90,10
90,9
90,9
90,9
90,11
90,10
90,9
90,10
90,10
90,10
90,10
90,10
90,10
90,10
90,10
90,10
90,10
90,11
90,10
90,10
90,9
90,10
90,9
90,11
90,10
90,10
90,10
90,10
90,9
90,10
90,9
90,10
90,9
89,9
90,10
90,10
89,10
90,10
90,9
90,10
90,10
90,10
90,9
90,9
90,10
90,9
90,10
90,10
90,9
90,9
90,10
90,9
90,10
90,12
90,9
89,9
90,10
90,10
90,9
90,10
90,10
90,10
89,8
90,11
90,10
90,10
90,9
90,9
90,10
90,10
90,9
90,10
90,10
90,9
90,11
89,10
90,10
90,10
89,11
90,10
90,9
90,10
90,10
90,9
90,9
90,11
89,9
90,10
90,9
90,11
90,10
90,10
90,10
90,11
90,10
90,9
90,10
90,9
90,11
90,10
90,10
90,10
90,10
90,10
90,9
90,10
90,10
90,11
90,10
90,10
90,10
90,10
90,10
90,10
90,10
90,9
90,10
90,10
90,10
89,9
90,9
90,11
90,9
90,9
90,10
90,11
90,10
90,9
90,11
90,9
90,10
90,10
90,9
90,9
90,10
90,11
90,9
90,9
90,10
90,10
90,9
90,9
90,10
90,10
90,10
90,10
90,10
90,10
90,10
90,10
89,10
90,9
90,10
90,9
90,10
90,11
89,9
90,9
90,10
90,9
90,10
90,10
90,10
90,9
89,10
90,10
90,9
90,9
89,10
90,11
90,10
90,11
90,10
89,10
90,10
89,10
90,11
90,11
90,10
90,10
90,9
90,9
90,11
90,9
90,9
90,9
90,9
90,10
90,10
90,10
90,10
90,11
90,11
90,9
90,10
90,10
90,11
90,10
90,10
90,11
88,10
89,10
90,10
90,9
90,10
90,10
90,10
90,10
90,9
90,10
90,10
90,10
90,9
90,10
90,11
90,10
90,9
90,10
90,11
90,10
90,9
90,10
90,9
90,10
90,9
90,10
90,9
90,10
90,10
90,10
90,10
90,10
90,11
90,10
90,9
90,9
90,10
90,9
90,11
90,9
90,9
90,9
90,9
89,10
90,10
90,10
90,9
90,11
90,11
90,10
90,10
90,10
90,11
90,10
90,9
90,10
90,9
88,9
90,10
90,10
90,10
89,10
90,9
90,10
90,10
90,9
90,10
90,10
90,10
89,9
90,10
90,10
90,9
90,9
89,10
90,10
90,9
90,10
90,9
89,9
90,10
90,9
89,9
90,10
90,10
90,10
90,10
90,10
89,10
90,10
90,10
90,9
90,10
90,10
90,9
90,10
89,10
90,10
90,10
90,10
90,10
89,9
90,10
90,11
90,10
90,10
90,10
90,10
90,9
90,9
90,9
89,9
90,10
90,9
90,9
90,9
90,11
90,9
90,10
90,11
90,10
90,10
90,10
90,10
90,11
90,9
89,10
90,9
90,10
90,10
90,10
90,9
90,10
90,9
90,9
90,10
100,10
100,11
100,11
100,11
100,11
100,10
100,11
100,10
100,11
100,9
100,10
100,10
99,11
100,10
100,11
100,11
100,11
100,10
99,11
100,11
100,11
100,10
100,11
100,11
100,11
100,11
100,10
100,11
100,10
100,11
98,11
100,10
100,10
100,9
100,11
100,10
100,10
100,11
100,10
100,11
100,11
100,10
99,11
100,9
100,10
100,11
100,11
100,11
100,10
100,11
100,10
100,11
100,10
99,10
100,10
100,10
100,11
100,11
100,9
100,11
100,10
99,10
100,11
100,10
100,10
100,11
100,11
100,9
100,10
99,10
100,10
100,10
100,10
100,11
100,11
100,10
100,10
100,11
100,11
100,11
99,11
100,10
100,11
100,12
100,11
100,11
100,10
100,9
100,10
100,10
99,11
100,11
99,10
100,10
100,12
99,10
100,11
100,11
99,10
100,11
100,11
100,10
100,11
100,10
100,10
100,10
99,12
100,11
100,10
100,11
100,11
100,10
100,11
100,10
100,11
100,10
100,10
100,11
99,11
100,10
100,10
100,11
100,10
100,11
100,11
100,10
100,10
100,10
100,11
100,11
100,9
100,11
100,10
100,11
100,11
99,11
100,11
100,11
100,10
100,11
100,10
100,10
100,11
100,10
100,10
100,11
100,10
100,9
100,10
100,10
100,11
100,10
99,10
100,10
100,10
100,11
100,10
100,9
100,9
100,11
100,11
100,11
100,9
100,10
100,10
100,11
100,10
100,11
100,11
100,12
99,11
100,11
100,11
100,10
100,11
100,10
100,10
100,10
100,9
100,12
99,10
100,11
100,10
100,11
100,11
100,11
100,11
100,11
100,10
100,11
100,11
100,11
100,10
100,11
100,11
100,10
100,10
100,10
100,10
100,11
100,9
100,11
100,11
100,11
100,10
100,11
100,10
100,11
100,11
100,10
100,10
100,11
100,10
100,11
100,10
100,11
100,11
100,10
100,11
100,11
100,11
100,11
100,10
100,11
100,11
100,9
100,10
100,10
100,11
100,11
100,11
100,10
100,11
100,10
100,11
100,11
100,10
100,12
100,10
100,11
100,10
99,11
100,11
99,9
100,10
99,10
100,11
100,9
100,10
100,10
99,11
100,11
100,10
100,11
99,11
99,11
100,11
100,11
100,10
100,10
99,10
100,11
100,10
99,11
100,10
100,10
100,12
100,10
100,10
100,10
99,10
100,10
100,11
100,11
100,10
100,11
100,11
100,10
100,10
100,11
100,11
100,11
100,11
99,11
100,12
100,11
100,11
100,10
100,11
100,10
100,10
100,10
100,12
100,10
100,11
100,11
100,11
100,9
100,11
100,11
100,10
100,11
100,10
100,11
100,10
100,10
100,10
100,11
100,11
100,10
100,11
100,10
100,11
100,9
100,10
100,11
100,11
100,11
100,10
100,10
100,12
100,10
100,11
100,10
100,10
99,11
100,10
100,11
100,10
100,11
100,10
100,11
100,10
100,11
99,10
99,9
100,11
99,11
100,10
100,11
100,10
100,10
100,11
100,11
100,10
100,10
100,9
100,10
100,11
99,10
100,11
100,10
100,11
100,10
100,10
100,10
99,10
100,10
100,11
100,11
100,11
100,11
100,10
100,10
100,11
100,11
100,10
100,10
100,11
99,11
100,10
100,11
100,10
100,11
99,11
100,10
100,11
100,10
100,10
100,10
100,11
100,10
99,10
100,11
100,11
100,10
100,10
100,11
100,10
100,11
100,12
100,11
100,10
100,10
100,11
100,11
99,11
100,10
100,10
99,10
100,10
100,11
100,9
100,11
99,11
100,11
98,10
100,11
100,10
100,10
100,11
100,10
100,10
100,11
100,11
100,11
100,11
100,10
100,11
100,10
100,11
100,11
99,10
100,11
100,10
100,11
99,11
100,11
100,11
100,10
100,11
99,10
100,10
100,10
100,10
100,11
100,10
98,11
99,11
100,10
100,11
100,11
100,10
100,10
100,10
99,11
100,11
99,12
99,10
100,10
100,11
100,10
100,11
100,10
100,11
100,11
99,11
99,10
100,11
100,11
100,11
100,11
100,11
100,10
100,10
100,11
100,10
100,11
100,11
100,10
100,9
100,11
100,10
99,11
100,11
100,11
100,11
100,10
100,11
100,11
99,10
100,11
100,11
100,11
100,11
100,10
100,10
100,11
100,11
100,11
100,10
100,11
98,11
100,10
100,10
100,10
100,11
100,11
100,11
100,10
120,12
120,12
120,12
120,12
120,12
119,11
120,12
120,11
120,12
120,12
119,12
120,12
120,12
120,12
120,13
119,12
120,13
120,13
120,12
120,13
120,12
120,12
120,12
120,12
120,12
118,13
120,13
120,11
120,11
120,11
119,12
119,11
120,12
120,12
120,12
119,12
120,12
120,12
120,12
120,12
120,11
120,12
120,13
120,12
118,12
120,12
120,12
120,11
120,12
120,13
120,12
119,11
120,12
120,11
120,12
120,12
120,12
120,12
120,12
119,11
120,12
120,13
120,12
120,11
120,11
120,12
119,13
120,12
120,12
120,14
120,12
120,13
119,13
119,12
120,12
119,13
120,12
120,12
120,13
119,12
120,12
120,13
119,12
120,11
120,11
119,12
120,12
120,12
119,12
120,12
120,12
120,13
120,12
120,11
120,12
120,13
120,12
120,13
120,12
120,11
120,13
120,12
120,12
120,12
120,13
120,12
120,11
120,13
120,12
120,12
119,12
120,12
119,12
120,12
120,13
120,11
119,12
120,12
120,11
120,12
120,12
120,11
120,11
120,12
120,12
120,12
120,11
119,11
120,12
120,12
120,12
120,11
119,11
120,12
120,12
120,11
120,11
120,12
120,11
120,12
120,12
120,13
119,13
120,13
119,12
120,12
120,12
120,13
120,11
120,13
119,12
120,12
120,12
120,12
120,12
120,13
120,13
120,11
120,12
120,12
120,12
120,12
120,12
120,12
120,12
120,12
120,12
120,12
120,12
120,12
120,12
120,11
120,12
120,12
120,12
120,11
120,13
120,12
120,11
119,12
120,12
120,13
120,12
120,13
120,12
120,11
120,12
120,12
120,12
120,11
120,12
120,11
120,11
120,12
120,12
120,12
120,12
120,13
119,12
120,13
120,12
120,12
120,12
119,11
119,12
120,12
120,11
119,11
119,13
120,12
120,12
120,12
120,12
120,13
120,13
119,12
120,12
119,12
120,12
119,12
120,12
120,13
120,13
120,12
120,12
119,11
120,12
120,12
120,12
120,13
120,13
120,12
120,12
120,13
120,11
119,12
119,13
120,12
120,11
120,13
120,12
120,12
120,12
120,12
120,11
120,12
120,12
120,11
120,12
120,12
120,11
120,11
120,12
120,12
120,12
120,11
120,13
120,12
120,12
120,11
120,12
120,12
120,12
120,12
120,13
120,11
120,12
120,12
119,12
120,12
120,12
120,13
120,12
120,12
120,12
120,12
120,12
120,12
118,12
119,11
120,12
119,13
120,12
120,13
120,13
120,13
119,13
118,11
120,12
120,11
120,12
119,11
120,11
120,12
120,11
120,12
120,12
119,11
120,12
120,12
120,13
119,12
120,13
120,12
120,12
120,11
120,11
119,12
120,12
120,12
120,11
119,11
120,12
120,13
119,12
120,11
120,13
119,11
119,11
120,12
120,12
120,11
120,12
120,12
120,12
120,13
120,12
120,12
120,13
120,11
118,12
120,12
120,12
120,11
120,12
120,12
119,12
120,12
120,12
120,11
120,12
120,11
120,12
120,12
120,12
120,12
120,11
120,12
120,11
120,12
120,13
120,13
119,13
120,12
120,11
119,12
120,12
120,13
120,12
119,12
120,11
120,12
120,13
120,12
118,12
119,12
120,12
120,12
120,11
119,12
120,11
120,12
120,12
120,13
120,12
120,12
120,11
120,12
120,12
120,12
119,13
119,12
120,12
120,11
120,13
120,13
120,12
120,12
120,12
120,12
120,12
120,11
120,11
120,13
119,12
120,12
120,12
120,12
120,12
120,13
119,12
120,12
120,12
120,11
120,11
120,11
120,11
120,12
120,12
120,12
118,12
120,12
120,12
120,12
120,12
120,12
119,11
120,12
120,12
120,12
120,11
120,12
120,11
120,12
120,12
119,12
120,12
120,13
119,12
120,11
120,13
120,13
120,12
120,12
120,11
119,11
120,12
119,12
120,11
120,12
120,12
120,12
119,12
120,13
120,12
120,12
120,12
119,12
120,11
119,11
120,11
119,12
119,12
120,12
120,11
120,12
120,12
120,12
120,12
119,12
120,13
120,11
120,12
119,11
120,13
120,12
120,11
120,12
120,13
119,11
120,13
120,12
120,12
120,12
120,12
120,12
120,11
120,12
120,13
120,12
120,13
120,12
119,13
120,11
120,12
120,12
120,12
120,12
120,12
120,12
120,12
120,11
120,12
120,11
120,11
120,12
120,12
120,11
120,12
119,12
120,12
120,12
120,13
120,11
120,12
120,11
119,12
120,12
120,11
120,11
119,12
120,14
119,12
120,13
120,12
120,11
119,12
120,13
120,12
120,12
120,12
120,12
120,13
119,13
120,12
120,13
120,13
120,11
120,12
120,11
120,11
120,12
120,13
120,13
120,11
120,11
120,12
120,11
120,12
120,14
120,12
120,12
120,12
120,12
120,12
120,11
120,12
120,11
120,12
120,13
120,12
120,12
120,12
120,11
120,12
120,11
120,13
120,12
120,12
120,11
119,12
120,12
120,11
120,12
120,12
119,13
120,12
120,12
120,12
120,11
120,13
120,12
120,12
119,12
119,12
119,11
120,12
120,11
120,13
120,11
119,12
119,12
120,13
120,11
120,12
120,12
120,12
120,12
120,12
120,12
120,13
120,12
120,11
119,12
120,12
120,11
120,12
120,13
120,12
120,13
140,13
139,14
140,13
140,13
139,13
140,13
140,13
139,13
139,14
140,13
140,13
140,13
140,14
139,13
140,14
140,12
140,13
140,13
140,13
140,13
140,12
139,13
140,14
140,13
140,13
140,13
139,12
139,13
140,14
140,14
139,13
140,13
140,14
140,14
140,13
140,13
140,14
140,13
140,13
140,13
140,13
140,13
140,14
140,12
139,13
140,13
140,14
140,13
140,13
139,13
140,14
140,12
140,14
140,13
139,13
140,14
140,13
138,13
140,14
140,15
140,13
140,13
140,12
140,14
139,14
140,14
140,13
140,14
139,13
140,13
139,13
140,13
140,13
140,14
140,13
140,13
140,13
140,13
140,13
139,13
140,14
140,14
140,13
140,14
139,13
140,13
140,13
140,13
140,13
140,14
140,13
140,13
140,14
140,13
140,13
140,13
139,14
140,13
140,13
140,15
140,14
140,13
139,13
140,14
140,12
139,12
139,13
140,14
140,12
140,12
140,13
140,13
140,13
139,14
140,13
140,13
140,12
140,13
140,13
140,13
140,13
139,14
140,13
138,14
140,13
140,13
140,13
140,12
140,14
140,15
140,14
140,14
140,14
140,14
140,13
140,14
140,13
140,13
140,14
140,14
140,14
140,14
140,13
140,13
140,13
140,13
140,13
140,12
140,13
140,14
140,13
140,13
140,13
140,13
140,14
140,14
140,14
139,14
140,13
140,14
140,14
140,13
140,13
140,13
140,13
140,13
140,13
140,13
140,14
139,13
140,13
140,14
139,14
140,14
139,12
139,13
140,12
140,12
139,13
140,13
140,14
138,13
139,14
140,14
140,12
140,14
139,13
140,13
139,14
140,13
140,14
139,13
140,13
139,14
140,13
140,14
140,13
140,14
140,14
140,13
140,13
140,13
137,13
140,14
140,13
140,13
140,14
140,13
140,13
140,13
140,13
140,14
139,12
140,14
140,14
140,13
140,13
140,12
140,14
140,13
140,14
140,13
140,12
139,13
140,13
140,14
140,14
140,12
140,13
140,13
140,13
140,12
139,14
140,13
140,14
139,15
140,13
140,13
138,14
139,12
140,13
139,14
140,13
140,13
140,13
139,14
138,12
140,13
139,13
139,13
140,13
140,13
140,12
140,14
139,13
140,13
140,13
140,13
139,13
140,14
140,14
140,13
140,13
139,13
140,13
140,13
140,12
139,13
140,14
139,13
140,13
140,14
140,13
139,13
140,14
140,12
140,13
140,12
140,13
140,14
140,13
140,13
140,13
138,13
140,13
139,13
140,12
139,12
139,14
140,13
138,13
140,13
140,13
139,13
140,13
140,14
140,13
140,14
139,14
140,13
140,14
139,13
140,14
139,13
139,14
140,14
140,14
140,13
139,13
140,13
140,14
140,15
138,14
139,13
140,13
140,13
139,12
140,12
140,14
139,13
139,13
140,14
140,13
140,13
140,14
140,13
138,13
140,13
140,12
140,14
140,14
139,12
140,13
140,14
140,14
140,12
140,13
140,14
139,13
140,14
140,14
140,14
140,13
139,13
140,13
139,14
140,13
140,13
140,12
140,13
140,13
139,14
139,13
140,13
140,14
140,13
139,13
139,13
140,14
140,13
140,14
140,12
140,13
138,12
139,13
140,14
139,14
139,13
140,13
140,13
140,14
140,14
140,14
139,13
139,14
140,13
140,13
140,13
140,13
139,13
140,15
140,14
140,13
139,13
140,12
140,13
140,13
139,14
140,12
140,12
140,13
140,14
140,13
139,14
140,14
140,14
140,13
139,13
140,14
140,13
140,14
139,14
139,13
140,13
140,13
140,13
140,14
140,14
140,13
140,13
140,14
139,13
140,13
139,15
140,13
140,13
140,14
140,13
140,14
140,13
140,13
139,13
140,13
140,13
140,14
140,13
140,13
140,12
139,12
140,13
140,14
140,13
140,13
139,14
140,13
140,13
140,14
139,14
140,15
139,13
140,14
140,13
140,13
140,14
140,13
140,15
140,14
140,13
140,15
140,14
140,15
140,14
140,13
140,12
139,12
140,13
140,14
140,14
139,13
140,13
140,12
140,12
140,14
140,14
140,13
140,13
140,14
139,13
140,13
140,14
140,13
140,13
139,13
140,13
140,13
140,12
140,13
140,14
140,12
140,12
139,13
140,14
139,12
138,13
140,14
140,14
140,13
140,13
140,13
140,13
140,13
138,13
139,13
139,12
140,13
140,13
140,13
139,14
139,14
140,14
140,13
140,13
140,14
140,13
140,14
140,14
140,13
140,13
140,13
139,13
140,12
140,13
140,13
140,13
140,13
140,13
140,13
140,14
140,13
139,13
140,13
140,13
140,12
140,13
140,12
140,13
140,13
140,13
140,14
140,13
140,14
140,14
140,13
140,13
140,13
140,14
140,13
139,14
140,13
139,14
140,14
140,12
140,13
140,13
140,14
140,13
140,12
139,13
140,13
140,14
139,15
140,13
139,12
140,13
139,13
139,13
140,15
140,14
139,12
140,13
140,13
140,14
139,14
140,13
140,13
140,13
140,13
140,14
140,13
140,13
139,13
139,14
140,14
140,14
140,14
140,13
140,13
140,13
140,13
140,14
140,13
139,13
140,13
140,13
140,13
140,13
140,13
140,12
140,14
140,13
139,14
139,13
140,14
140,12
140,13
140,13
140,14
140,12
140,13
140,13
140,14
140,13
140,14
139,14
140,12
140,13
140,13
140,13
140,13
140,12
140,13
140,14
140,13
140,14
140,13
139,13
140,13
140,13
139,13
140,13
140,13
140,14
140,13
139,13
140,13
140,13
140,13
140,13
140,14
140,13
140,13
140,12
140,13
140,13
140,13
140,13
140,14
140,13
140,13
140,13
140,13
140,14
140,13
139,13
140,13
140,12
140,13
140,15
140,13
139,14
139,13
139,13
140,13
140,13
140,14
140,13
140,13
140,14
140,13
140,14
140,14
139,14
140,12
140,13
140,13
139,13
140,13
140,13
140,13
140,13
140,13
140,13
140,14
140,13
140,13
139,14
140,14
140,13
140,13
140,13
140,14
140,13
140,14
140,13
140,13
139,14
140,13
140,12
140,14
140,13
140,13
140,13
140,13
140,13
140,14
140,13
140,13
140,13
139,12
139,13
160,15
160,15
160,14
160,14
159,15
160,15
159,14
159,14
160,14
160,15
160,14
159,14
160,15
160,14
159,15
160,15
160,14
160,15
159,14
159,15
160,14
160,14
160,14
159,15
160,14
160,15
159,15
160,15
160,15
160,15
160,14
160,15
160,15
158,14
160,14
160,14
160,13
160,15
159,14
160,14
160,14
160,14
160,14
159,14
159,15
160,14
159,15
160,13
160,15
160,16
159,14
160,15
160,16
160,15
159,15
160,15
159,14
160,14
160,15
159,15
160,14
159,15
160,14
160,15
160,15
159,14
159,15
160,14
160,14
159,14
160,15
160,15
160,14
160,15
159,15
159,15
160,15
160,15
160,15
159,14
160,15
160,14
160,15
160,14
159,15
160,14
160,14
159,14
160,14
160,15
160,14
160,14
158,13
160,14
160,14
159,14
160,14
160,14
160,14
159,15
160,14
160,12
160,14
160,14
160,14
160,15
159,14
160,16
159,15
160,14
160,14
160,14
159,15
160,16
160,16
160,15
159,15
160,15
160,15
160,14
160,15
160,14
160,15
160,15
160,15
160,13
160,14
160,14
160,14
160,14
160,14
159,13
160,15
160,14
159,15
160,13
160,15
160,15
160,15
160,15
160,15
160,14
160,15
160,15
160,15
159,15
160,14
159,15
158,14
160,15
160,14
160,15
159,14
159,15
160,13
159,13
159,15
159,16
160,14
159,15
160,16
159,13
159,14
160,14
159,15
160,15
160,15
159,14
160,14
160,14
160,15
160,14
160,15
160,14
160,15
160,14
159,14
159,15
159,15
160,15
160,14
160,14
160,14
160,13
160,15
160,15
160,16
160,15
160,14
160,16
160,15
159,15
160,14
160,15
160,14
159,15
160,15
160,14
160,15
160,14
160,15
159,14
160,14
159,15
160,15
160,13
160,16
160,15
159,14
159,13
160,15
159,14
160,16
160,14
160,15
158,13
160,14
159,14
159,14
160,14
160,15
159,14
159,14
160,14
160,15
160,15
159,15
160,15
160,15
159,14
159,14
160,15
160,15
159,14
160,15
160,15
160,15
160,15
160,14
159,13
160,14
160,14
160,14
160,14
160,15
160,14
160,15
159,14
160,15
159,14
160,14
159,13
158,15
160,15
159,14
160,15
160,15
160,14
160,14
160,15
160,15
160,14
160,15
160,15
159,15
159,14
159,15
160,14
160,15
159,13
160,14
160,15
160,16
158,15
160,14
160,14
160,14
160,13
159,14
159,14
159,14
160,15
159,14
160,15
159,15
158,15
160,14
160,14
160,15
160,15
160,14
160,14
160,15
160,13
160,14
159,14
160,15
160,15
160,15
160,15
159,14
160,14
159,15
160,15
160,15
160,15
160,14
159,15
159,14
160,13
160,15
160,14
159,14
160,16
160,15
160,15
160,14
160,15
160,15
160,14
160,15
159,14
160,14
160,15
160,14
160,14
159,15
160,14
160,14
160,14
160,14
160,14
160,15
160,15
160,14
159,14
160,14
160,14
159,15
159,14
160,14
160,15
160,15
160,14
159,13
160,15
160,14
159,13
160,15
160,15
160,15
159,15
159,15
160,15
160,15
160,15
160,14
159,14
160,14
160,13
160,15
160,16
160,14
160,15
160,15
160,14
159,15
160,15
160,14
160,15
160,14
160,14
159,15
160,14
159,15
160,15
160,14
160,14
160,14
158,14
160,14
160,14
159,14
159,15
159,14
160,15
160,14
158,14
160,14
160,15
160,15
160,15
159,16
160,14
159,15
160,14
160,14
159,14
160,15
160,16
160,15
159,14
160,15
160,14
160,15
160,16
160,15
160,15
160,15
160,13
159,15
160,15
160,14
159,14
160,14
160,14
160,15
160,15
160,13
160,14
159,14
160,15
160,14
160,15
159,14
160,15
160,14
160,14
160,15
160,14
160,15
159,14
160,15
160,14
160,14
159,15
160,15
160,15
160,14
160,15
160,14
160,15
160,15
160,14
160,14
159,14
160,14
160,15
160,14
160,14
160,13
160,15
160,14
159,14
159,13
160,15
159,14
160,15
160,14
160,14
159,15
160,15
160,14
160,15
160,16
160,15
160,15
160,14
160,15
160,14
160,14
160,14
159,15
159,14
160,14
160,15
160,15
160,15
158,14
160,14
159,14
159,15
160,15
159,14
159,14
160,14
160,15
159,15
159,14
160,14
160,14
159,16
160,15
160,14
160,14
160,14
160,15
158,14
160,16
159,15
159,14
160,14
159,16
160,14
160,14
160,15
159,14
159,15
160,15
160,14
160,14
160,14
160,13
160,15
160,14
160,15
159,15
159,14
160,15
160,14
160,15
160,14
160,14
159,14
160,15
160,15
160,15
160,14
159,14
160,14
160,14
160,14
160,14
159,13
160,14
160,15
160,15
160,14
158,14
160,15
159,14
159,14
160,13
160,15
160,15
159,14
160,14
160,14
160,14
160,15
160,15
160,15
160,14
160,15
160,15
160,15
160,14
159,14
160,15
160,15
160,14
160,13
159,15
158,14
160,14
160,14
160,16
160,15
160,15
160,15
160,15
160,14
160,16
160,15
160,14
160,14
159,15
160,16
160,15
160,14
160,14
160,14
159,15
160,13
160,14
160,14
160,14
160,15
160,14
160,14
160,15
159,14
160,15
160,15
160,13
160,15
160,16
160,15
158,14
159,14
160,14
160,14
160,14
160,14
160,15
159,13
160,13
160,15
160,13
160,15
160,14
159,15
160,15
160,14
159,14
160,15
160,14
160,14
159,15
160,14
159,14
160,15
160,14
160,14
160,15
159,15
160,15
160,15
159,15
160,15
159,14
160,14
159,14
159,14
159,14
160,15
160,14
160,15
160,15
160,13
160,14
160,15
160,14
159,15
160,15
160,15
160,16
160,14
160,14
159,14
158,15
160,14
160,15
160,15
160,15
160,14
160,14
160,14
159,14
160,14
160,13
160,14
160,15
160,15
160,16
160,15
160,14
160,15
159,15
159,15
160,14
160,14
159,15
159,14
160,14
160,14
160,14
160,14
160,15
160,14
160,14
160,14
160,14
160,14
160,14
160,15
159,14
160,14
160,16
160,14
159,15
160,14
160,15
160,15
160,14
160,14
160,15
159,14
160,14
160,15
160,15
160,14
160,14
160,14
160,14
159,14
160,15
160,15
159,15
159,14
159,14
160,15
160,14
159,14
160,16
159,14
160,15
160,15
160,14
160,16
160,15
159,16
160,16
160,15
160,14
159,15
160,15
160,14
160,14
160,15
160,13
160,14
160,14
160,14
159,14
159,14
160,15
159,14
159,15
159,15
160,14
160,14
159,14
160,15
159,14
160,14
160,15
159,15
160,14
160,14
160,14
159,15
158,14
160,14
160,15
160,13
159,15
160,15
159,15
159,14
160,13
160,15
160,14
160,14
159,15
160,14
160,13
160,14
160,15
160,14
160,15
159,14
159,15
160,14
160,15
160,14
160,14
159,14
158,14
160,14
160,14
159,15
160,14
160,14
160,14
159,15
160,15
159,14
160,15
159,15
160,14
160,15
160,15
160,14
159,15
160,15
160,15
159,15
160,14
160,15
180,16
180,17
180,16
180,16
180,16
180,15
179,16
180,16
180,15
180,16
178,15
180,16
180,16
180,16
180,15
180,16
179,16
179,16
180,15
180,16
179,16
179,16
180,16
179,16
180,16
180,16
180,16
180,15
180,16
178,15
180,16
180,15
180,15
179,16
179,15
180,15
179,15
180,15
179,15
179,16
180,15
179,15
179,15
179,15
178,16
180,16
180,17
180,16
179,16
180,17
179,16
179,15
180,17
179,15
179,15
180,15
180,16
180,15
179,15
180,15
180,16
180,15
180,16
180,16
180,15
179,16
180,15
180,16
180,15
180,17
179,16
180,16
180,16
179,16
180,15
179,16
180,15
179,16
180,15
180,16
180,16
180,14
180,15
180,16
179,14
180,15
180,15
179,16
179,16
180,15
179,15
180,15
180,14
180,15
179,17
180,17
179,16
180,15
180,15
180,16
179,17
180,16
180,16
179,17
180,17
180,16
180,15
179,16
180,16
180,16
180,16
180,15
180,15
180,15
180,15
180,15
179,15
180,17
180,16
179,16
180,15
180,16
179,16
180,16
180,17
180,16
180,16
180,16
180,16
179,16
180,15
180,16
179,16
180,16
180,16
179,14
179,16
180,14
178,14
179,15
180,16
179,15
180,16
179,15
178,14
180,16
179,16
180,15
180,15
180,15
179,15
180,17
180,16
180,18
179,16
180,17
180,15
176,15
179,16
180,15
180,17
180,16
180,16
180,15
180,15
180,16
180,16
180,15
180,17
180,15
180,15
180,16
179,16
180,15
180,16
180,15
180,16
179,15
179,16
180,16
180,15
180,15
180,16
179,17
180,16
178,15
178,15
179,16
180,16
180,16
180,16
178,15
180,15
179,15
179,15
180,15
179,15
180,16
178,16
179,17
180,16
179,16
180,17
180,16
180,16
179,15
180,15
179,15
180,17
179,16
180,15
179,15
179,15
180,15
180,15
180,15
180,16
180,16
179,15
180,15
177,15
180,15
180,14
179,15
178,16
180,15
180,14
180,16
180,16
180,15
180,15
180,16
180,15
180,17
179,15
180,16
179,16
180,16
180,16
179,16
180,15
179,16
179,15
177,15
180,16
180,15
179,14
179,15
179,16
179,16
180,15
180,16
179,16
179,16
179,15
180,15
180,16
180,16
180,16
180,16
180,15
180,14
179,16
180,16
180,16
180,16
180,15
180,16
180,17
180,15
180,15
180,16
180,14
178,17
180,16
180,14
180,15
178,16
179,16
180,15
180,16
179,15
179,15
179,15
180,15
179,16
180,15
180,15
180,16
180,15
179,15
179,15
180,15
180,15
180,16
180,17
180,16
180,15
179,14
179,16
180,16
179,16
180,15
180,15
180,15
180,14
179,16
180,16
179,16
179,16
180,15
180,17
179,16
180,17
180,16
180,15
180,15
180,15
179,15
180,15
180,16
179,17
180,16
180,15
180,16
180,16
180,16
180,15
180,16
180,15
180,16
179,15
180,16
180,16
180,16
180,15
180,16
178,15
180,16
180,17
179,17
179,16
179,17
180,16
178,16
180,15
180,16
180,16
180,18
180,17
179,17
180,15
180,15
179,15
180,16
180,16
179,14
180,16
180,15
180,16
180,16
180,16
180,16
179,15
179,15
179,16
180,17
179,15
180,15
180,16
180,16
180,15
179,16
179,16
180,17
179,15
180,16
179,16
180,16
180,15
180,16
180,15
179,16
178,15
180,16
180,16
180,16
178,16
180,15
179,15
180,16
180,15
180,16
180,16
180,16
179,15
180,15
179,16
179,17
180,16
180,15
180,16
180,16
180,15
179,16
180,16
180,15
180,15
180,15
180,16
180,15
180,15
180,16
180,16
180,15
180,15
180,16
179,15
180,16
179,16
180,16
180,15
180,15
180,16
180,15
178,15
180,16
180,16
180,15
180,16
180,15
180,15
180,16
180,16
179,15
180,16
180,16
179,15
180,15
180,15
180,16
180,16
178,15
179,16
178,16
179,15
179,16
180,15
180,15
180,16
179,16
180,15
179,16
180,16
180,16
180,15
180,17
180,16
180,15
179,15
180,17
180,16
180,15
180,16
180,15
180,16
180,16
180,15
180,16
179,15
180,16
180,16
179,16
180,15
180,15
179,16
180,15
180,16
179,15
180,16
178,16
179,15
178,15
180,17
180,15
179,15
180,16
180,16
180,16
180,16
180,16
180,15
180,16
180,16
180,15
179,15
180,15
180,15
180,16
180,16
179,16
180,15
180,15
180,17
179,16
179,15
179,16
180,15
180,16
180,16
180,15
180,15
178,16
180,16
179,16
180,16
180,16
179,16
180,15
180,15
180,15
180,15
180,15
180,16
180,15
179,16
180,16
180,17
180,15
180,16
180,16
180,15
180,15
180,15
180,16
180,14
180,16
180,16
180,15
180,15
178,15
180,15
180,16
179,16
180,16
180,15
180,16
180,15
179,16
178,15
180,15
179,17
180,16
180,15
179,15
180,16
180,15
180,15
179,16
180,15
179,16
180,16
178,15
179,15
180,15
180,15
180,18
180,16
180,15
180,15
180,15
179,16
180,16
180,15
180,15
179,16
180,16
179,15
180,16
180,15
179,16
180,16
180,15
180,16
180,15
179,15
180,15
180,17
179,15
180,16
180,17
180,17
180,16
180,16
179,17
180,16
180,16
180,16
179,16
180,15
180,15
180,16
180,16
180,15
180,16
179,16
180,15
180,15
180,15
180,16
180,17
180,15
180,15
179,16
180,16
180,16
180,15
180,15
180,16
179,15
180,15
180,16
180,16
180,15
180,15
180,15
180,15
179,15
180,16
179,16
179,16
179,15
180,16
180,16
179,15
180,16
180,15
180,16
180,16
180,16
180,16
180,17
180,15
179,15
180,15
179,15
179,15
180,16
180,16
179,15
180,15
180,16
179,16
180,16
179,15
179,16
179,16
179,17
179,16
180,16
179,16
178,15
179,15
180,15
179,16
180,15
180,16
179,17
179,16
180,16
180,16
180,14
179,16
180,16
178,15
179,15
178,16
180,16
180,16
179,16
179,15
180,15
180,15
180,15
180,16
179,16
179,15
180,15
180,15
180,16
180,16
179,16
179,15
180,16
178,16
180,15
180,16
180,15
179,17
180,16
178,15
180,15
180,15
180,16
180,16
180,16
179,16
179,15
179,15
180,15
180,16
180,15
180,15
180,17
180,15
179,16
180,14
180,16
180,16
179,16
179,16
178,16
180,16
179,16
180,16
180,15
180,16
180,16
180,16
180,15
180,15
180,16
178,16
180,15
179,15
179,17
180,14
180,16
180,16
179,16
179,16
180,16
179,15
180,16
179,16
180,16
180,15
179,15
179,16
180,15
179,16
178,17
180,16
180,15
178,15
180,14
180,16
180,15
180,16
180,15
177,15
180,15
179,15
180,16
180,17
180,14
179,15
180,15
179,16
180,16
180,16
180,15
180,15
180,16
180,16
180,15
180,17
180,16
180,15
180,17
180,17
180,16
179,15
180,15
178,16
180,15
180,16
179,15
180,15
180,15
180,16
180,14
180,15
180,15
179,16
180,16
179,15
180,17
179,14
180,15
179,16
180,16
180,15
179,15
179,16
180,15
180,16
180,17
179,16
180,16
180,16
179,15
180,16
180,16
179,15
179,16
179,15
180,16
180,16
180,16
178,16
179,15
179,16
180,15
180,16
180,15
179,16
179,16
180,17
179,16
180,15
178,15
180,15
179,16
179,15
180,15
179,15
180,14
180,14
180,16
180,16
180,16
180,15
180,16
180,15
179,16
179,16
180,16
179,16
180,15
180,16
179,16
180,16
180,16
180,16
178,15
179,15
180,15
180,15
180,15
179,16
180,16
180,16
180,16
179,16
180,16
180,15
180,16
180,16
180,16
180,15
179,15
180,15
180,17
180,15
180,16
179,16
180,15
180,16
180,15
180,16
179,15
180,15
180,16
180,15
179,16
179,16
180,16
180,16
179,16
180,15
180,16
180,15
180,16
179,15
179,15
179,17
179,16
180,17
180,17
200,17
200,17
200,16
198,16
200,16
200,17
199,17
200,16
200,17
198,18
200,16
199,17
200,16
200,17
200,16
198,17
200,16
200,16
199,17
200,16
200,17
199,16
200,18
200,18
199,16
200,16
198,16
200,16
200,16
200,17
199,16
200,16
200,17
200,16
199,17
199,16
200,17
200,17
200,17
199,17
199,17
199,18
200,17
199,16
200,17
199,17
199,17
199,17
199,16
199,16
200,17
199,17
199,16
199,16
200,17
199,17
200,18
200,18
200,17
199,17
199,17
200,17
200,17
199,17
200,17
200,17
199,16
199,17
200,18
200,17
200,16
200,17
200,17
200,16
199,17
200,17
199,16
200,17
199,16
199,17
200,17
198,16
199,17
200,16
200,17
199,17
198,17
200,17
200,16
200,17
199,19
200,17
200,17
200,18
199,16
200,18
199,16
199,17
200,17
200,18
200,16
200,17
200,17
200,16
200,16
200,17
200,18
199,16
200,17
200,17
200,18
200,18
200,18
199,17
200,17
200,17
199,18
200,17
199,17
200,18
199,17
199,17
199,16
200,17
198,15
199,17
200,16
198,16
200,18
199,16
199,17
199,16
200,16
200,17
200,16
199,16
200,18
200,16
200,18
200,17
200,16
198,16
200,18
200,17
200,17
199,16
200,16
200,18
199,17
200,18
199,16
199,18
200,16
200,16
200,17
200,17
199,17
200,15
200,17
200,15
200,17
200,17
199,15
200,17
200,16
200,17
200,16
198,15
199,18
200,17
200,17
200,17
198,16
200,16
199,17
200,16
200,18
200,16
198,16
199,17
200,17
200,17
200,17
199,16
199,17
200,17
200,16
199,17
199,17
200,16
199,17
199,16
200,16
200,17
200,17
198,17
199,17
200,16
197,17
199,15
200,16
200,16
199,17
198,16
200,17
198,18
200,17
200,17
200,17
200,17
200,19
199,18
199,17
199,17
200,17
199,16
200,16
200,18
197,17
199,16
200,17
199,16
199,15
199,18
199,17
200,16
200,17
199,17
198,17
200,16
199,17
200,17
200,16
200,16
200,16
200,16
199,17
200,17
200,17
200,18
199,16
200,18
200,17
200,17
200,17
200,17
198,17
200,16
200,16
199,18
199,17
200,17
200,16
199,16
198,15
199,16
198,17
200,17
200,17
200,17
200,17
199,15
199,17
200,17
200,17
199,17
200,17
200,17
199,16
199,16
199,17
199,18
200,16
200,16
200,16
199,16
200,18
200,17
199,17
200,17
200,18
198,17
200,17
200,18
200,17
200,17
199,15
200,16
200,17
198,17
200,17
200,17
200,17
199,17
200,17
199,17
200,16
200,17
200,17
199,16
200,17
200,17
199,18
198,16
200,17
200,17
199,18
199,17
200,18
200,16
199,17
200,17
200,17
199,19
200,19
199,18
200,16
200,15
200,16
200,17
200,16
199,17
200,16
200,17
200,17
200,18
200,18
200,16
199,17
200,17
199,16
200,17
200,16
200,18
200,17
200,17
199,16
200,16
198,16
199,16
200,17
200,16
200,17
200,16
199,17
198,16
200,16
200,17
197,17
200,17
199,16
200,17
200,16
200,17
200,18
200,16
199,17
200,17
200,17
200,17
200,17
200,17
200,17
199,15
200,17
199,16
200,16
199,17
199,17
200,17
200,17
200,18
200,17
200,18
200,16
200,17
199,16
199,17
200,17
200,16
200,16
199,17
199,16
199,17
199,18
199,17
200,17
199,16
199,16
199,18
200,18
200,16
200,16
199,17
200,17
200,17
200,16
200,17
199,16
199,17
199,16
200,18
200,17
200,16
200,18
199,18
200,16
200,16
200,17
200,17
200,17
200,15
200,17
199,16
200,18
200,16
200,16
199,16
198,16
200,17
200,16
200,18
199,17
200,17
200,16
199,17
200,16
200,17
200,17
200,17
199,16
200,16
198,17
199,17
200,18
200,16
199,16
200,17
200,16
200,17
200,17
200,17
198,16
200,18
200,17
200,16
200,17
200,17
200,17
200,17
197,17
200,16
200,16
200,18
199,18
199,17
200,18
200,16
200,17
200,17
200,16
199,17
200,17
200,16
200,16
200,18
200,16
200,16
200,16
200,15
200,16
200,16
200,17
199,17
200,16
200,16
200,17
200,17
200,16
199,17
200,17
200,17
200,17
200,17
199,16
200,16
198,17
200,16
200,16
199,17
200,17
199,18
200,17
199,18
198,15
200,16
199,17
200,18
200,17
200,17
199,17
200,16
198,18
200,17
199,17
199,17
199,16
199,17
200,17
200,18
200,17
200,15
200,16
200,17
199,16
199,17
200,17
200,17
200,16
199,17
198,18
200,17
199,17
200,17
200,16
199,16
199,16
200,16
200,17
200,18
200,16
200,18
200,17
200,17
200,18
199,18
199,15
200,18
198,18
200,16
200,16
200,16
200,18
199,17
200,16
200,17
200,16
200,16
200,17
200,17
200,17
200,17
199,17
200,17
199,16
200,15
200,16
199,16
200,15
200,18
200,17
200,18
199,16
200,15
199,16
200,16
199,16
199,16
199,16
200,18
200,17
200,18
199,16
200,16
199,17
200,17
200,17
200,18
200,17
200,17
199,17
199,17
200,17
200,17
199,16
199,16
200,17
199,17
199,17
199,18
198,17
198,18
199,16
200,16
199,17
199,17
200,16
200,16
199,16
200,17
200,18
199,18
200,16
200,18
200,16
199,16
200,18
199,18
200,16
200,17
200,16
199,17
199,16
200,17
200,16
200,16
200,18
200,16
200,16
199,16
200,17
200,17
199,16
199,16
200,17
199,17
200,17
200,17
199,18
200,17
198,16
199,17
199,17
200,18
199,16
199,17
199,17
199,18
200,17
200,16
200,16
200,17
200,17
200,16
200,17
200,18
199,16
199,17
199,17
198,18
200,16
199,18
200,16
199,17
200,16
200,16
200,16
200,15
200,16
198,17
198,16
198,17
200,17
199,17
200,17
199,17
199,17
200,16
200,17
199,17
200,17
200,16
199,18
199,16
200,17
199,17
198,18
198,16
199,17
200,16
200,17
200,17
200,17
200,17
197,16
199,16
200,16
200,16
200,17
200,17
200,18
199,17
200,16
200,17
200,16
200,17
200,18
200,18
199,16
200,17
200,17
200,17
200,17
200,17
200,17
200,17
199,16
200,16
198,16
200,16
200,16
200,16
200,15
200,16
200,17
199,16
200,16
200,18
198,16
200,16
199,16
199,18
200,17
199,17
199,17
200,18
200,17
199,16
200,16
200,17
199,16
200,17
198,17
199,17
199,17
200,17
200,16
200,16
198,16
198,16
199,17
200,17
200,16
199,17
200,17
200,17
199,16
200,17
199,17
200,18
199,16
200,17
200,16
200,16
200,16
200,16
200,17
200,18
200,17
200,17
200,16
199,17
199,17
199,16
200,17
200,17
199,17
200,17
200,17
199,17
200,16
199,17
200,17
200,16
199,16
200,17
199,17
200,17
199,16
200,17
200,16
200,16
199,16
200,17
199,18
200,17
200,16
200,17
200,18
200,16
200,17
200,16
200,18
199,16
200,16
200,17
200,17
198,17
200,17
200,16
199,17
200,15
200,17
200,17
199,17
200,16
198,17
200,16
200,17
200,17
198,17
199,16
200,17
200,18
199,17
200,17
199,16
200,17
200,17
200,17
199,16
199,16
200,16
199,16
200,17
199,18
200,16
200,16
199,17
200,18
200,17
200,16
199,15
200,16
198,17
200,16
199,16
200,16
200,17
199,16
200,16
200,17
200,16
198,16
199,17
199,17
200,17
199,17
200,17
199,17
199,17
199,18
200,16
198,17
200,16
200,17
199,18
199,17
200,16
200,17
200,17
198,17
200,18
200,17
199,16
199,18
198,16
200,18
200,17
199,15
200,16
199,17
200,16
198,17
200,16
199,17
200,17
200,18
200,17
200,17
199,15
200,17
200,18
200,17
199,17
200,17
199,17
196,15
198,15
199,17
199,16
200,17
198,17
200,15
200,17
199,16
200,16
200,16
200,16
200,17
199,17
200,17
199,17
199,17
200,17
200,17
199,17
200,17
200,16
200,17
200,18
199,16
200,17
200,16
198,17
200,17
199,17
200,17
199,17
200,17
199,17
200,17
199,16
198,15
199,16
199,17
200,17
200,17
198,17
199,16
200,18
200,17
200,16
200,17
200,16
200,16
200,17
199,17
200,17
200,16
197,16
200,16
200,16
200,15
200,17
200,16
200,17
199,16
200,16
200,17
199,16
200,17
200,15
200,18
200,17
198,16
199,18
199,15
200,17
200,16
200,16
200,16
196,16
199,17
200,17
199,16
200,17
199,16
200,18
200,16
200,17
200,16
198,17
200,17
200,16
200,17
198,16
200,16
198,16
200,19
198,16
198,17
200,16
198,15
200,18
200,16
200,16
200,16
200,16
199,16
198,16
200,17
200,16
200,17
200,16
200,17
199,18
200,16
200,17
200,16
230,19
230,18
230,18
230,19
229,18
229,19
230,18
229,19
230,18
230,17
230,19
229,18
229,17
228,19
230,17
230,19
229,19
229,19
229,19
230,20
230,18
230,18
230,18
229,18
230,18
230,18
229,17
229,18
229,18
230,18
229,20
229,18
229,18
230,18
226,18
230,18
230,20
229,18
229,19
228,18
229,18
229,19
229,18
230,18
228,19
229,17
229,18
230,19
229,17
229,19
230,19
229,19
229,18
230,18
230,18
229,18
230,19
228,18
228,19
230,19
229,19
230,19
229,17
230,17
228,17
230,19
229,17
230,18
229,19
228,19
229,17
230,19
230,18
230,19
229,19
227,19
230,18
230,17
228,19
230,19
230,19
230,20
230,17
230,18
230,19
229,18
230,19
230,19
230,19
230,19
229,18
229,17
230,19
229,18
230,19
230,19
230,19
230,19
228,18
230,19
230,19
229,20
229,19
228,18
230,19
229,18
229,18
230,18
226,18
228,19
228,18
230,19
229,17
229,19
229,18
230,18
229,18
229,18
230,19
230,19
230,20
230,19
229,19
225,18
230,17
230,18
229,18
230,18
230,19
229,18
230,18
230,19
230,18
230,18
229,19
230,19
230,18
230,18
230,18
230,17
230,19
229,18
230,19
229,20
230,20
228,18
229,20
230,20
230,19
229,19
230,18
229,18
230,17
230,19
230,18
228,19
230,19
229,18
230,20
229,18
229,18
230,18
229,18
230,19
230,18
229,18
229,18
230,18
230,18
230,19
229,19
230,18
227,18
229,18
230,18
228,19
228,19
230,18
228,19
230,18
230,19
229,18
230,18
229,18
229,19
229,18
230,18
229,19
230,19
230,19
227,18
230,18
229,16
229,17
229,20
230,19
229,18
229,18
228,19
230,17
229,19
230,19
230,18
229,18
230,18
229,18
230,19
230,20
229,18
230,18
228,19
230,18
230,18
230,18
228,18
230,17
230,19
229,18
230,19
230,18
229,18
229,19
230,19
229,18
230,18
230,18
230,17
229,18
229,19
230,18
230,19
230,20
230,19
229,18
229,18
228,18
230,18
230,18
230,19
229,18
230,19
229,18
230,20
230,19
228,19
230,19
230,19
230,18
230,17
230,18
229,19
229,19
230,18
230,18
230,18
230,19
229,18
230,19
230,19
229,19
228,18
230,18
230,17
230,18
229,19
230,18
228,20
229,18
230,20
228,18
230,18
230,20
228,19
230,20
229,18
230,18
229,17
230,19
230,18
228,18
230,17
230,19
229,19
230,19
229,18
229,19
230,18
229,18
230,18
229,18
230,19
229,19
229,18
229,19
228,19
229,19
230,18
230,19
229,19
228,19
227,17
230,19
229,18
228,18
229,18
229,19
230,18
230,19
230,19
229,18
230,19
230,18
230,19
230,18
230,19
229,19
228,18
229,18
230,19
229,19
229,19
230,20
230,19
230,19
230,18
230,18
230,18
229,18
229,18
229,17
230,17
229,20
230,17
229,19
230,19
230,17
229,18
229,18
230,19
230,20
230,18
230,19
228,18
230,18
230,19
230,19
229,17
229,19
229,18
229,19
230,18
230,19
229,19
230,17
230,19
230,19
230,18
230,19
230,18
229,19
230,20
229,18
230,17
230,18
230,17
230,18
230,20
228,19
230,17
230,19
229,18
230,18
230,19
230,19
228,19
230,19
228,18
228,18
230,19
229,18
230,18
229,18
229,19
230,18
230,17
230,19
230,19
230,18
229,18
230,17
230,17
229,19
230,18
230,18
230,19
228,19
229,19
230,18
230,19
230,18
229,18
230,20
229,19
230,18
230,17
229,19
230,18
230,19
230,18
230,18
230,17
229,19
230,18
230,18
230,18
230,20
227,17
229,18
230,18
230,20
230,18
229,18
230,18
229,17
230,19
228,19
230,19
229,19
230,19
229,17
229,18
229,19
230,19
230,19
230,19
230,18
230,17
230,19
229,18
229,19
229,17
229,18
230,19
230,20
229,18
230,18
230,19
229,19
230,19
229,19
229,19
229,18
228,19
230,19
229,18
228,19
230,18
230,17
229,19
230,19
229,19
230,19
229,19
230,18
230,19
228,19
229,18
230,19
227,18
229,17
230,18
230,20
229,18
230,18
230,18
229,18
230,18
228,19
230,19
230,19
229,18
230,19
230,18
230,17
228,18
229,18
230,19
230,19
230,19
230,18
229,17
230,19
230,19
229,19
228,17
230,19
228,17
229,18
230,18
229,18
230,19
230,19
230,18
229,18
229,18
228,18
230,20
230,18
229,17
229,18
230,18
229,18
229,19
228,18
227,19
229,18
229,18
229,18
229,19
230,18
229,19
230,19
229,20
227,19
230,19
230,17
228,19
229,19
229,19
228,19
230,18
228,19
229,17
230,18
230,17
229,19
229,19
229,18
229,20
230,19
229,19
228,18
230,18
228,19
230,19
230,18
229,19
230,19
229,18
229,18
229,19
229,18
229,19
229,18
229,19
230,18
230,19
230,18
230,19
230,18
230,18
230,19
229,18
230,19
228,18
230,18
229,19
230,17
230,19
230,18
230,19
230,18
230,18
228,19
228,18
229,19
230,18
230,19
229,18
228,17
230,18
230,18
229,20
230,19
230,18
228,18
230,18
228,19
228,18
230,19
227,17
229,18
230,19
230,19
228,18
228,18
229,18
230,19
230,19
230,19
230,19
228,17
230,18
230,18
230,19
230,19
230,19
229,19
230,19
230,18
227,19
230,19
229,18
229,19
230,17
229,18
229,17
230,19
230,20
230,18
230,19
230,19
229,19
230,19
229,19
230,17
228,18
229,19
229,18
229,19
230,19
230,20
230,19
230,18
230,18
230,19
229,18
229,18
228,19
229,19
230,17
229,19
229,19
228,19
230,19
230,19
229,19
229,18
230,19
229,18
228,19
230,18
229,18
230,18
229,18
230,18
230,17
229,17
230,19
230,19
230,19
229,18
229,18
229,19
230,19
230,18
229,19
230,19
230,19
227,18
229,19
230,18
230,17
229,18
230,19
229,19
228,18
230,18
230,19
230,18
229,19
230,19
230,19
230,19
230,18
230,19
230,18
230,19
229,18
229,19
230,19
230,18
230,18
228,19
230,18
230,18
230,18
230,19
230,18
229,19
230,18
228,20
229,19
230,19
229,19
229,19
230,19
230,20
229,19
230,18
228,17
230,18
230,19
229,17
229,19
230,17
230,17
229,19
230,18
230,19
229,18
230,19
230,19
230,19
230,17
228,18
230,19
228,19
230,17
230,19
229,19
230,19
230,19
228,18
227,18
229,19
229,18
229,18
230,18
229,20
229,19
230,17
230,18
230,18
229,19
229,19
230,17
229,19
228,18
230,20
230,19
229,18
229,18
228,18
230,20
230,18
228,18
230,19
230,19
228,18
230,18
228,19
229,18
230,20
229,19
229,18
230,19
230,19
229,20
230,18
229,18
228,18
228,18
229,18
229,19
229,18
230,17
230,18
229,18
230,17
230,18
230,18
229,18
229,18
229,18
229,18
230,19
228,17
229,19
230,18
229,18
230,19
229,18
230,19
229,17
228,19
229,18
228,19
229,18
230,19
229,18
229,19
229,18
230,18
229,18
229,19
230,18
227,18
229,18
230,18
229,19
229,18
230,18
230,18
230,20
229,18
230,18
228,18
228,18
230,19
230,17
230,18
229,18
229,17
229,17
230,19
229,19
230,19
230,18
230,19
227,18
228,19
229,18
229,18
230,18
229,17
227,18
228,19
230,18
229,17
229,18
229,18
230,18
230,19
230,19
228,18
230,18
229,19
229,18
228,18
228,18
229,19
228,18
228,18
229,17
229,19
230,18
230,18
229,18
230,18
229,18
229,18
230,18
230,19
230,18
230,19
229,18
230,18
230,19
230,18
230,17
227,19
228,19
230,18
230,17
230,19
229,19
229,19
229,18
230,19
229,16
229,18
230,19
230,18
229,18
230,19
229,17
230,18
230,20
230,19
230,18
230,18
230,19
229,19
230,19
229,18
227,19
228,18
228,17
229,18
228,17
230,19
230,19
228,18
230,19
230,18
230,18
230,19
230,19
230,18
230,18
229,17
229,17
229,18
229,19
229,18
230,19
229,19
229,18
230,19
229,20
228,19
228,17
228,18
230,17
230,18
230,17
230,17
230,18
230,19
230,18
230,18
230,17
230,17
230,19
230,18
228,19
230,18
230,19
229,18
230,18
228,19
230,18
229,20
228,20
229,18
230,18
230,18
229,18
230,18
229,18
230,18
228,17
229,17
230,18
229,18
229,19
228,19
228,19
230,18
229,18
230,18
230,19
228,18
228,19
229,18
230,18
230,18
229,18
229,18
229,18
230,18
229,20
230,19
230,18
229,18
228,18
229,18
229,18
230,19
229,19
229,19
230,19
229,18
230,18
230,19
230,18
230,19
230,19
229,18
230,19
230,18
230,19
230,18
230,18
228,18
228,18
230,18
229,19
229,19
229,18
230,18
229,18
230,18
229,17
229,18
230,19
230,18
229,17
230,18
230,19
229,18
229,18
229,21
230,18
229,18
230,18
230,18
229,18
229,18
230,18
228,18
228,19
229,19
229,19
230,17
229,19
229,18
229,19
228,19
230,19
230,18
230,18
229,19
230,19
230,19
229,18
228,19
230,19
230,18
229,18
230,19
230,18
229,19
228,17
229,18
229,18
230,19
230,19
229,18
230,18
230,18
229,19
230,17
230,19
229,17
229,18
228,18
229,17
229,17
228,20
230,19
228,19
230,19
230,18
229,19
230,18
230,18
230,18
229,18
229,18
230,18
230,18
230,18
229,18
230,18
230,18
229,19
228,19
229,18
229,18
230,19
230,18
230,18
228,18
230,18
229,19
229,19
229,19
229,19
230,18
230,19
227,17
230,18
230,19
229,18
229,17
230,20
230,18
230,19
230,19
230,19
229,17
228,18
229,17
230,18
230,19
230,18
229,18
228,20
229,19
230,19
229,19
230,18
230,18
230,18
229,18
230,19
230,19
228,19
229,18
229,18
230,18
230,18
230,19
230,18
230,18
230,19
228,18
230,19
230,18
229,19
230,18
230,18
229,17
229,19
230,18
229,18
230,18
230,19
229,18
229,18
229,20
230,19
230,18
230,19
229,18
229,18
230,19
229,19
259,20
260,19
258,20
260,19
259,20
260,20
259,20
258,20
260,20
260,21
260,20
257,20
260,19
260,20
258,21
259,21
258,21
260,21
260,20
260,20
258,19
260,19
260,20
259,20
258,19
259,20
259,20
259,20
258,20
259,19
255,20
259,20
260,21
259,20
259,21
259,20
259,20
259,19
260,19
258,20
258,20
260,20
260,20
258,20
260,20
258,21
259,20
260,21
260,19
260,20
259,21
258,20
259,20
259,21
260,21
257,19
259,20
259,19
259,19
260,20
258,19
257,20
258,19
259,21
260,19
259,21
258,20
260,20
260,19
257,21
259,21
258,21
259,19
260,21
259,20
260,21
260,21
260,20
260,20
259,21
259,20
260,21
260,19
260,21
259,20
260,20
260,20
259,19
260,20
259,21
260,20
258,19
259,21
259,19
258,19
259,19
259,20
258,20
259,21
259,20
259,21
259,19
260,20
260,19
260,20
260,19
260,21
260,21
258,19
259,20
259,20
260,20
260,19
260,21
259,20
259,20
259,21
260,20
260,20
259,20
259,21
260,19
260,20
259,19
260,20
259,21
260,20
260,20
258,20
259,20
260,21
259,21
257,19
260,20
259,19
260,20
259,19
258,20
260,21
259,20
260,19
259,20
259,21
259,20
260,21
260,19
259,19
258,19
260,20
260,20
258,21
259,20
257,20
259,19
260,19
258,20
258,19
260,20
260,20
260,20
259,20
260,20
259,20
259,21
260,20
259,19
258,20
260,21
257,19
260,20
259,18
259,20
259,20
260,19
259,19
258,21
260,20
259,20
259,19
260,19
260,18
258,20
259,20
260,21
258,20
260,20
260,20
260,20
260,19
257,20
260,19
260,21
258,20
260,21
260,20
258,20
259,19
257,20
260,20
259,20
260,20
258,20
260,20
260,20
259,21
260,20
258,20
258,20
258,20
260,20
260,21
260,19
259,21
259,20
259,20
260,20
258,20
260,20
260,20
260,19
258,20
259,19
259,21
260,20
260,20
258,20
260,19
260,20
260,19
259,20
258,19
260,20
260,19
258,20
260,20
258,21
259,20
260,22
258,20
260,21
260,21
259,20
259,20
260,21
259,19
260,21
260,20
259,20
258,20
259,20
260,21
259,20
259,20
260,20
259,20
260,20
260,20
260,20
259,19
260,20
258,21
259,21
260,19
260,20
258,20
257,20
260,20
259,19
258,19
259,19
260,20
260,21
260,20
260,20
259,21
260,20
260,20
260,19
259,20
259,19
260,20
259,20
259,20
259,21
260,21
260,21
260,19
260,20
260,20
258,20
259,20
259,20
260,20
259,20
258,20
259,20
259,20
259,19
258,19
259,21
259,21
260,19
259,21
260,20
260,20
260,20
258,19
257,21
259,19
260,20
260,19
258,20
259,20
260,21
260,20
260,20
260,19
260,20
258,20
260,20
260,19
260,19
260,20
260,20
260,21
260,19
259,19
259,20
259,19
260,21
260,21
258,19
258,21
259,19
260,20
259,20
260,19
258,19
258,20
260,19
258,20
259,20
260,20
260,20
260,19
260,20
255,20
259,20
260,20
259,20
258,21
260,20
260,20
260,20
258,19
260,21
258,20
260,20
258,20
260,20
260,20
260,20
259,20
259,20
260,21
260,20
260,19
260,20
257,18
260,20
260,19
258,19
259,19
259,20
257,19
260,20
258,19
260,19
260,20
259,19
258,18
260,20
260,20
260,21
259,21
259,19
258,21
260,21
260,20
257,20
259,19
260,21
260,21
260,19
260,20
259,21
259,20
259,20
259,20
259,20
258,21
258,20
259,20
260,20
260,20
259,20
260,21
259,20
260,20
259,20
260,21
258,21
259,19
260,21
257,20
259,19
260,21
260,21
260,20
260,20
259,19
260,20
257,20
260,20
259,20
260,21
259,20
259,19
259,20
259,19
260,20
260,20
259,20
260,18
259,20
260,19
259,21
258,19
260,20
259,21
259,19
260,20
260,20
260,21
260,20
259,19
259,20
259,20
260,19
259,19
259,21
260,20
259,20
259,20
259,20
258,20
260,20
259,20
258,21
260,20
259,20
260,21
259,21
260,21
259,20
259,19
259,21
259,20
258,21
260,19
259,20
259,19
260,19
259,20
259,21
259,19
259,21
259,19
258,20
258,20
259,20
259,20
260,19
259,22
259,20
259,19
259,21
259,20
259,19
259,20
259,21
260,20
260,20
260,20
260,20
259,20
260,21
258,20
260,20
258,21
260,20
260,19
258,21
260,19
260,21
260,19
260,20
258,19
258,19
259,20
259,20
259,21
258,20
259,20
260,20
259,20
260,21
259,20
259,20
259,21
258,20
260,20
257,19
259,20
259,19
260,20
257,19
258,21
260,21
260,21
259,21
260,19
258,19
260,20
259,20
259,19
259,20
259,21
260,20
259,21
259,20
259,20
259,20
259,19
259,20
260,20
260,19
260,20
258,19
260,20
259,21
259,20
258,20
260,20
258,21
259,19
258,20
259,19
260,21
259,19
260,20
259,20
259,21
256,20
259,21
259,20
260,19
259,21
259,20
259,20
259,21
260,20
258,21
260,20
259,20
257,21
260,22
258,20
260,20
260,19
260,19
259,19
260,22
260,21
260,20
258,19
259,20
257,20
260,20
259,21
260,21
260,19
257,19
259,20
260,19
259,20
260,20
259,20
257,20
260,20
260,19
259,21
260,21
259,20
260,21
260,20
260,20
260,19
260,20
259,21
259,21
260,21
260,20
258,19
259,20
260,21
260,20
259,20
260,19
259,19
258,21
259,20
260,21
258,20
259,21
260,21
258,20
260,21
258,19
260,20
260,21
259,19
260,19
259,19
260,21
259,18
260,20
259,20
260,20
260,19
259,19
260,20
260,20
258,20
260,20
260,21
260,21
260,20
259,19
259,21
259,21
259,20
259,20
259,19
259,19
260,20
258,20
259,18
258,20
259,20
260,20
259,21
258,20
260,20
259,21
259,21
258,21
260,21
260,19
258,20
259,20
260,20
259,20
258,20
259,19
260,21
259,20
258,19
258,20
259,21
259,20
259,20
257,19
257,19
259,19
259,19
258,20
260,19
260,20
258,19
260,19
260,21
257,20
260,20
259,20
259,19
260,20
259,21
260,20
259,20
260,20
260,20
260,20
258,20
259,20
258,21
258,20
259,21
259,21
259,19
258,19
260,19
258,20
260,20
257,20
259,20
260,21
260,20
259,21
260,20
260,21
259,20
259,19
255,20
260,20
260,19
260,21
259,20
259,20
259,19
259,20
259,19
260,19
260,20
258,20
258,20
259,19
259,21
260,20
260,20
256,20
259,20
259,19
259,20
259,20
260,20
260,20
259,20
260,21
260,21
259,20
258,18
258,19
258,20
258,20
260,19
258,19
260,21
260,21
259,19
259,19
258,19
260,19
259,20
260,20
259,21
259,20
260,20
260,19
259,18
257,20
258,20
260,19
260,20
260,20
259,20
259,20
258,21
260,20
260,20
260,20
260,19
259,20
260,20
260,20
260,21
260,21
259,19
260,21
260,21
260,22
260,20
260,20
258,21
259,19
260,20
258,18
260,20
260,21
258,20
259,21
259,20
260,19
260,20
260,19
260,19
259,19
259,20
260,20
259,21
259,19
259,21
259,19
259,20
258,20
259,19
257,19
259,20
260,20
259,19
260,19
260,20
260,21
260,20
259,20
258,20
260,20
260,19
258,21
259,20
260,20
259,19
260,20
260,20
259,21
258,21
259,19
260,20
260,20
260,19
260,19
260,19
258,19
259,19
260,20
258,19
259,20
257,19
260,20
259,21
260,20
260,21
258,20
257,18
259,20
260,20
259,19
259,21
258,21
260,20
259,22
260,20
260,20
257,19
259,20
259,19
260,20
259,20
259,21
260,21
260,20
259,20
259,19
260,21
260,21
260,20
260,19
260,20
260,19
258,19
257,20
257,20
260,20
259,20
260,21
260,20
260,20
259,18
259,20
259,20
260,20
260,19
259,19
259,19
258,21
260,21
259,22
259,20
258,20
260,20
260,20
260,22
259,20
257,20
258,20
259,20
259,19
260,20
259,20
260,20
258,19
260,20
260,19
258,20
259,20
260,21
258,20
259,21
260,21
260,19
259,20
259,20
258,19
259,20
258,21
259,18
260,21
260,20
259,20
260,20
259,20
259,18
260,20
258,19
259,20
258,21
257,19
260,20
258,21
259,19
260,20
260,20
259,20
260,19
260,19
260,20
258,19
258,19
259,20
260,20
258,20
259,19
260,20
259,21
258,20
259,20
260,20
257,18
260,20
259,20
260,19
260,20
260,21
259,21
260,20
260,20
256,19
260,20
260,20
260,19
260,19
260,19
260,19
260,20
260,20
259,20
258,20
259,19
259,20
260,20
259,20
256,21
259,20
259,21
259,20
260,20
259,20
259,20
260,21
258,20
257,20
259,19
259,20
260,19
259,19
259,20
259,20
260,19
259,19
260,20
258,20
260,20
259,20
260,19
259,20
259,21
260,20
259,20
259,19
260,20
259,20
260,21
260,20
260,20
259,20
260,20
259,20
260,20
260,21
260,21
258,19
260,20
258,20
260,19
259,20
260,20
259,21
259,20
259,19
258,19
259,20
258,20
258,21
260,19
260,19
259,21
260,20
258,19
259,20
260,20
258,21
259,19
260,20
260,20
258,21
259,20
260,20
260,20
260,20
259,20
260,20
259,20
259,20
258,21
260,21
260,20
258,20
259,20
260,21
259,20
260,20
260,20
256,19
259,19
257,19
260,21
258,21
259,20
260,20
260,19
260,19
258,20
258,21
259,20
257,21
259,20
259,20
259,20
258,21
259,20
258,20
259,20
260,20
260,20
259,20
258,20
259,20
258,19
260,19
259,20
257,19
259,20
260,20
259,21
259,19
259,19
260,18
259,20
259,19
260,19
260,20
260,19
260,21
259,20
256,20
258,21
260,20
260,19
258,19
258,19
260,21
259,20
259,19
259,20
260,19
258,20
256,20
259,20
260,20
260,19
260,19
259,20
260,19
259,20
258,19
259,20
259,20
259,20
260,21
260,20
260,20
259,21
259,21
259,21
258,20
257,19
260,21
260,20
260,19
258,19
259,21
259,20
260,20
260,20
260,21
259,20
256,19
258,20
260,22
259,20
258,20
260,19
260,20
260,20
258,21
259,19
260,20
260,20
260,20
260,19
258,20
257,21
258,19
259,19
260,20
259,21
260,20
260,20
260,20
260,20
260,18
260,21
259,21
259,20
258,21
259,21
260,19
259,20
260,20
260,20
260,20
260,20
259,21
259,21
260,20
260,20
258,21
260,19
260,21
260,19
259,20
259,21
257,21
259,20
259,20
257,20
257,20
258,19
257,20
260,21
260,19
260,21
260,21
259,20
260,19
259,19
258,19
259,19
259,19
259,20
260,20
259,20
258,20
259,19
260,21
259,21
258,21
259,21
259,19
260,22
260,20
260,21
259,22
260,20
260,19
258,20
258,20
259,20
260,20
260,21
258,21
260,20
260,20
258,19
260,19
259,19
259,22
259,20
259,20
259,20
258,20
260,20
259,20
260,19
259,19
260,20
260,20
257,20
260,20
259,20
258,20
259,20
260,20
258,20
258,20
258,20
259,19
259,20
259,21
259,21
260,20
260,20
257,20
259,21
258,19
259,20
260,21
259,20
259,22
260,21
260,21
259,21
259,20
260,20
259,20
259,21
260,20
257,20
260,19
259,20
260,21
259,21
259,20
260,20
260,20
259,21
258,19
260,21
259,21
257,20
260,20
260,21
259,20
258,19
259,20
260,19
259,21
259,20
259,20
260,20
289,22
290,21
288,20
289,21
289,23
289,21
287,21
290,22
290,22
290,22
288,21
290,20
289,21
289,21
289,22
290,22
290,22
290,22
288,21
290,21
290,22
289,20
289,21
289,21
289,22
288,21
289,20
286,21
288,22
290,22
289,22
288,21
290,21
288,21
290,21
288,22
288,21
289,21
287,21
290,22
289,23
289,22
290,22
288,21
290,21
288,21
288,21
290,21
289,22
289,21
290,21
289,21
288,21
290,21
288,21
288,22
289,20
290,21
289,22
286,22
290,21
290,22
286,22
290,22
288,23
289,21
289,21
290,21
290,22
290,21
290,22
290,21
289,22
290,21
289,22
289,22
290,23
290,21
289,21
290,21
289,23
287,21
290,22
289,22
288,20
290,20
289,21
288,23
290,22
287,21
288,22
289,22
289,21
289,20
290,21
290,23
290,23
287,21
289,22
290,22
289,22
290,22
289,22
289,22
288,22
288,21
289,20
289,21
290,21
290,21
289,21
290,22
289,23
289,22
289,21
286,22
289,22
289,23
289,22
290,21
289,20
290,20
288,21
290,21
289,21
289,21
289,21
289,21
290,21
289,22
290,21
288,21
289,20
288,22
289,21
288,23
286,21
289,21
289,20
288,23
288,20
288,21
289,21
289,22
289,21
289,22
289,21
290,22
288,21
289,22
289,22
288,21
289,21
288,21
287,23
290,21
288,22
288,21
289,20
290,22
290,22
289,21
289,21
289,22
289,22
288,21
289,23
290,21
290,21
287,22
290,21
290,22
289,22
290,21
290,21
288,21
290,22
288,21
290,22
289,22
286,21
290,22
290,21
289,22
290,22
289,21
289,21
289,23
290,22
290,21
289,22
288,22
289,21
289,22
288,22
289,22
290,21
287,21
289,21
288,22
289,22
290,21
288,22
289,21
290,20
288,21
288,22
290,22
289,21
288,22
290,21
287,23
287,22
289,21
290,23
289,23
288,22
289,23
290,21
289,21
290,22
288,20
290,20
289,21
290,22
289,21
288,21
290,22
290,23
289,21
290,22
290,23
289,22
288,22
289,21
290,22
289,22
287,22
287,21
290,22
286,21
289,21
289,21
290,22
288,21
289,21
288,21
289,22
290,22
289,22
289,21
290,22
290,21
287,22
290,22
288,21
290,23
290,21
290,21
286,22
288,22
289,21
289,22
289,21
288,21
289,22
289,21
288,20
288,22
289,23
290,22
288,23
290,21
289,22
288,21
289,22
288,22
289,21
290,21
289,22
289,20
290,22
290,22
290,21
290,22
288,22
289,21
290,21
288,21
289,21
289,23
288,22
289,21
288,21
289,21
290,22
290,22
290,21
286,21
286,21
290,22
289,20
288,21
287,22
290,21
289,23
290,21
289,22
290,21
290,21
288,22
289,21
290,22
289,21
289,22
290,21
290,22
289,22
290,21
288,22
290,21
288,22
289,22
289,21
290,21
290,20
289,21
290,22
290,22
290,22
285,22
290,21
289,21
289,21
288,22
288,22
290,21
288,22
290,21
290,21
289,22
289,21
288,22
290,22
289,22
290,21
288,22
289,22
289,21
287,21
290,21
290,22
289,22
290,22
289,22
289,21
289,22
289,22
287,21
289,21
288,22
290,21
289,21
289,22
290,22
289,22
289,22
290,21
289,23
289,21
289,22
286,21
289,21
290,22
289,22
290,21
290,21
290,22
288,22
290,22
288,22
290,22
289,21
290,21
289,21
290,22
290,23
290,22
290,20
289,21
290,21
286,21
289,22
289,20
288,23
290,21
290,21
290,22
290,22
289,21
289,22
289,23
290,22
289,21
290,21
289,22
289,21
289,22
286,21
289,21
287,22
290,21
289,21
290,22
289,22
289,22
289,21
288,21
288,21
289,23
289,22
288,22
288,20
290,21
289,21
288,22
290,21
288,21
287,22
288,21
290,22
288,20
290,21
288,23
288,21
289,22
288,22
289,21
289,21
289,22
290,21
290,21
290,22
290,22
289,22
288,21
289,22
285,22
289,21
290,21
288,22
290,21
290,21
290,20
288,22
288,21
288,21
289,21
289,23
288,22
289,21
289,21
290,22
290,21
288,21
288,22
288,22
288,22
287,21
290,22
290,22
287,21
289,20
288,20
290,22
288,23
290,22
288,21
290,21
290,21
290,22
289,22
290,21
289,22
288,21
289,23
288,21
289,20
288,22
289,22
289,22
289,21
290,21
289,22
289,20
288,22
289,22
289,22
289,20
289,21
290,22
290,22
290,21
289,21
289,22
288,22
287,21
288,22
290,21
289,20
288,23
289,23
290,22
289,22
290,22
290,21
289,20
289,22
290,21
288,21
290,20
289,21
290,21
290,22
290,21
289,21
289,22
290,21
289,22
290,22
289,21
288,22
288,21
290,21
289,21
289,22
287,22
290,22
290,21
289,22
290,21
288,21
290,21
290,21
289,21
290,22
289,23
290,22
290,22
289,21
289,22
290,21
290,21
289,22
289,21
290,20
287,22
289,22
290,23
288,21
289,22
288,21
290,21
287,20
290,22
289,22
288,21
290,20
290,22
288,21
289,21
289,22
290,21
290,21
289,21
288,22
289,23
289,21
290,22
289,21
290,21
288,20
287,20
289,22
288,23
290,22
289,22
290,22
288,22
289,20
288,22
289,22
289,21
288,22
290,22
290,22
287,22
288,22
290,23
289,21
290,22
290,22
288,21
290,21
290,21
290,23
289,21
288,21
288,23
288,22
289,22
286,22
287,21
289,21
289,22
288,21
290,21
288,21
289,21
290,21
288,22
289,22
289,21
289,21
288,21
290,21
290,21
290,22
289,22
290,22
288,22
289,22
288,22
288,21
289,22
289,21
289,20
289,22
286,21
290,21
287,21
288,21
288,22
289,21
290,21
290,20
289,22
290,21
285,21
290,21
290,21
290,21
290,21
289,22
290,21
289,21
289,22
290,21
287,22
288,22
288,21
290,21
289,21
285,21
288,22
289,20
289,22
289,21
290,21
290,23
288,21
290,22
287,21
286,21
287,21
288,21
286,21
290,21
289,21
290,21
290,20
290,22
288,21
288,20
289,21
290,21
290,21
288,21
290,21
289,21
289,21
287,22
290,21
290,22
290,23
289,21
288,20
290,22
289,21
290,21
290,21
288,21
289,21
290,21
290,23
289,21
290,21
290,22
289,21
289,22
289,22
286,22
288,21
288,22
288,21
290,22
288,22
290,23
290,20
290,20
290,22
290,21
290,21
287,19
289,21
289,21
288,21
289,23
288,21
289,22
288,22
288,20
286,21
290,20
289,21
290,21
290,21
290,22
289,22
289,21
290,21
289,22
287,21
287,21
290,21
289,21
289,21
290,22
289,22
288,22
289,21
290,21
289,22
290,21
289,20
287,20
289,22
290,21
289,22
288,21
288,22
288,22
290,21
290,22
287,21
288,21
290,21
290,21
286,20
289,22
290,23
289,23
290,22
290,22
288,21
289,21
289,21
289,22
288,22
290,22
290,22
289,22
290,22
289,22
289,22
290,21
288,22
290,21
287,21
286,21
286,21
289,22
289,23
289,20
289,22
289,21
289,21
289,22
290,21
289,22
290,21
288,22
289,22
288,23
290,22
288,21
290,21
290,22
289,22
288,21
286,22
289,21
289,22
290,20
287,21
289,21
288,22
290,22
289,22
287,22
290,23
287,21
289,21
290,22
290,21
289,22
289,21
289,22
288,21
289,21
290,22
289,22
289,20
290,22
289,20
289,20
289,21
289,22
288,22
288,20
290,22
289,23
288,21
289,21
290,22
290,21
289,21
290,21
288,22
288,20
289,22
290,21
289,21
289,22
289,21
287,22
290,22
290,22
287,20
290,23
288,21
289,22
289,21
290,22
289,22
290,21
285,20
290,22
290,22
288,20
289,23
290,21
290,22
289,22
289,21
287,22
290,21
290,21
290,21
288,21
288,22
289,22
289,22
289,21
289,21
289,22
290,21
286,21
286,22
289,20
289,21
289,21
289,22
289,21
287,22
290,22
290,21
289,23
288,21
290,20
289,22
289,22
290,22
290,22
288,22
288,21
290,22
290,21
290,23
289,21
290,22
288,21
289,21
290,23
290,22
290,22
288,22
290,21
289,23
290,22
289,22
290,20
288,21
289,21
288,21
288,23
290,21
290,21
287,22
288,20
290,22
289,24
289,21
290,22
290,21
290,21
288,22
288,22
289,21
290,22
290,22
289,21
289,22
289,21
288,21
290,22
289,21
290,22
288,22
289,22
289,22
288,21
286,20
288,21
289,21
290,23
288,22
289,22
290,20
289,22
289,21
287,22
288,22
287,23
289,21
289,21
290,22
289,21
289,22
289,21
290,21
289,21
290,21
288,22
288,21
288,21
288,21
287,22
290,22
290,21
289,23
288,21
289,20
290,22
289,20
290,21
290,21
290,21
290,23
289,22
287,21
287,22
289,22
290,21
288,21
290,21
289,22
289,21
289,23
289,21
288,20
288,21
289,21
290,22
290,20
289,22
289,20
289,22
288,21
288,22
288,20
289,22
290,22
290,21
289,22
288,22
290,21
287,21
290,22
290,21
290,22
290,21
288,21
289,21
289,22
288,21
290,22
290,21
288,22
290,22
290,22
288,21
290,21
290,21
290,22
290,21
289,22
290,22
289,21
290,20
288,22
286,21
289,20
289,21
289,24
289,21
290,22
290,22
289,21
290,21
290,22
290,22
285,21
290,21
290,22
288,21
290,21
290,22
290,22
289,21
290,22
290,22
289,22
290,22
289,22
290,22
290,21
289,22
289,23
289,22
290,21
286,21
287,21
287,22
286,22
290,22
290,21
290,22
289,21
290,22
288,21
287,21
289,22
289,21
289,22
288,21
287,21
290,22
289,23
289,23
287,22
289,23
289,21
290,23
290,22
288,22
290,21
290,22
288,21
288,21
289,22
290,21
290,21
288,22
288,21
290,21
290,22
287,21
289,23
289,21
290,22
290,22
287,22
287,21
289,22
288,22
290,21
290,21
287,21
290,22
289,22
290,21
290,22
289,22
287,21
288,21
289,21
289,22
290,22
289,21
288,21
288,21
289,22
289,21
289,20
290,23
289,22
289,22
289,21
290,22
290,21
288,21
287,21
289,23
290,21
289,22
290,20
289,23
288,21
288,22
289,22
290,22
288,22
289,22
289,22
289,22
287,22
290,21
290,23
288,21
289,22
290,21
289,22
290,21
289,21
288,22
288,21
290,21
289,22
290,21
290,23
289,22
290,20
290,22
289,20
289,21
289,22
289,21
289,21
290,21
290,21
289,21
289,20
288,22
285,22
289,21
289,23
289,21
285,22
289,22
288,22
290,21
287,20
290,21
288,21
290,22
289,21
289,21
288,21
289,22
290,23
288,22
289,21
288,22
287,21
289,21
290,23
288,21
288,21
289,22
290,23
287,21
290,21
290,22
287,21
290,21
289,21
288,21
290,22
288,21
289,22
288,21
289,22
288,20
289,22
290,22
289,21
290,22
290,22
290,22
290,21
290,22
290,20
290,21
290,21
289,22
290,23
290,22
289,22
287,23
290,20
289,22
288,21
290,22
290,21
290,23
288,21
289,22
289,21
290,22
290,21
290,22
287,20
289,23
289,21
290,22
289,21
290,21
288,22
288,22
289,22
289,22
290,22
290,23
288,23
288,21
287,21
287,22
289,22
290,21
289,22
290,20
289,21
289,22
290,21
290,22
289,20
290,22
290,21
289,21
289,20
290,21
289,21
290,20
290,22
289,21
290,23
290,23
289,22
289,22
290,22
290,22
290,21
290,21
288,22
290,22
286,21
290,21
289,21
288,21
289,21
286,21
287,21
289,22
290,21
287,22
289,23
289,21
289,21
289,21
290,21
289,22
290,22
290,22
289,21
290,21
289,22
289,21
287,22
290,22
288,22
289,21
290,23
288,23
290,20
290,21
290,21
289,21
289,20
288,21
289,21
289,22
288,22
290,22
289,21
289,21
288,21
288,21
289,21
289,22
288,21
289,22
290,22
290,21
288,21
289,20
290,22
289,20
288,21
289,22
288,22
290,21
289,20
290,21
290,22
288,22
289,22
290,22
288,22
288,20
290,21
290,22
288,22
290,22
289,22
289,21
290,22
289,21
288,21
290,21
287,22
290,21
290,22
290,22
288,22
288,21
287,21
290,22
289,22
290,22
289,21
289,21
286,21
290,22
289,20
288,22
288,21
289,21
290,21
290,22
289,22
287,22
290,22
288,21
288,23
287,22
290,21
288,22
290,22
289,22
289,22
287,21
290,22
289,21
289,21
289,22
290,21
289,21
290,21
289,22
287,23
289,22
289,21
290,22
289,21
289,22
290,21
290,23
290,21
290,22
289,21
288,21
289,21
290,22
290,21
288,21
289,20
289,21
289,21
290,22
288,21
290,21
288,21
288,22
289,22
290,21
290,22
290,21
290,21
289,22
287,21
287,22
290,21
290,22
288,21
290,21
290,22
290,22
290,21
290,22
319,23
320,22
318,23
318,24
320,23
318,23
320,23
319,22
320,23
318,23
320,22
318,22
319,23
317,25
320,24
319,22
318,22
320,23
320,22
319,21
319,23
319,23
318,24
319,24
318,23
317,23
320,24
318,24
318,23
319,23
318,23
320,23
319,22
318,23
319,23
318,23
320,23
318,23
320,24
318,23
320,22
319,23
318,23
318,23
320,22
320,22
317,22
317,23
320,23
319,23
318,21
319,23
320,22
319,24
318,23
320,22
316,24
320,24
318,23
318,23
318,23
318,23
320,23
319,23
319,23
319,22
320,23
319,23
319,24
319,24
320,22
320,23
319,23
319,23
318,24
319,23
317,22
319,22
318,23
317,22
319,23
318,22
319,23
318,23
319,22
320,24
319,24
320,23
315,23
318,23
320,24
320,23
319,23
320,23
318,23
318,23
319,23
319,23
320,22
320,23
319,22
319,23
320,22
320,24
317,22
319,24
319,24
317,23
319,22
319,22
318,23
318,22
320,24
318,23
319,22
319,23
319,22
320,25
319,23
319,22
320,23
320,23
319,23
319,23
319,21
319,22
318,23
319,22
318,23
320,23
318,23
319,24
318,23
319,23
318,22
319,23
317,22
319,22
319,21
318,24
319,24
319,22
316,23
320,22
320,24
320,24
320,22
316,22
319,23
319,23
319,23
318,23
320,23
318,23
318,23
320,23
318,24
320,23
319,23
319,22
317,23
320,24
319,23
317,22
320,23
320,23
320,23
318,23
318,22
318,23
320,23
320,23
319,24
318,22
319,23
318,23
317,23
320,23
319,22
319,24
319,23
320,23
320,22
318,23
319,24
320,22
319,23
317,24
320,22
318,23
320,22
317,26
316,24
318,23
320,23
319,22
319,25
319,23
319,22
320,23
319,22
320,23
319,23
320,23
319,22
317,23
319,22
319,22
320,23
319,22
318,23
318,23
319,23
320,23
318,24
317,23
320,24
319,22
320,23
318,23
320,24
319,23
319,23
318,23
320,22
320,23
318,23
317,23
319,23
319,22
319,23
318,23
320,24
320,23
318,24
318,24
318,22
320,22
319,23
317,22
318,23
319,23
318,21
319,24
318,23
319,23
320,23
320,23
318,24
319,24
318,22
319,23
320,22
317,24
319,23
320,23
320,23
320,23
318,23
320,24
320,23
318,22
319,22
320,24
319,23
320,22
319,22
319,23
320,23
318,22
316,23
316,23
319,22
320,22
318,23
320,23
318,22
319,24
319,23
319,23
320,22
315,23
320,23
319,23
318,23
320,23
320,23
320,23
318,24
318,23
320,22
320,23
319,23
320,22
319,23
319,23
320,24
318,23
320,23
315,23
320,22
320,23
319,21
319,22
318,22
319,22
320,23
319,23
319,23
319,23
318,23
320,23
319,24
318,21
318,23
319,22
317,22
319,23
320,23
319,23
320,24
318,23
320,23
319,24
319,23
318,23
319,23
317,23
319,23
318,23
319,23
320,22
318,24
320,24
317,23
319,23
317,23
318,22
320,24
319,23
319,23
320,22
320,23
319,23
320,23
319,23
319,23
320,22
318,22
320,23
320,23
319,23
318,22
320,24
318,24
318,22
319,22
318,23
320,23
320,23
318,24
320,24
319,23
318,24
319,21
318,22
320,23
318,23
319,24
317,23
318,22
319,23
318,22
319,22
320,22
319,24
318,23
319,23
318,23
317,23
318,23
320,22
319,23
320,22
320,23
318,24
319,23
319,23
318,23
316,23
318,24
318,23
317,24
319,24
318,23
318,23
319,22
319,23
319,24
320,22
320,23
320,24
319,23
320,23
319,23
315,24
319,23
320,23
318,23
320,22
320,22
320,22
318,23
318,22
319,22
319,24
317,22
319,23
317,24
320,23
318,23
319,22
315,24
318,23
316,22
320,23
320,24
315,22
318,23
320,23
320,22
319,24
318,22
320,23
319,22
320,23
319,23
320,23
317,24
320,23
319,23
318,22
318,23
319,22
319,23
318,23
320,23
319,22
320,23
320,23
318,24
319,22
319,24
318,22
319,24
320,23
319,23
317,24
319,23
317,24
320,22
318,24
316,24
319,24
319,23
319,23
319,24
317,23
320,24
318,22
319,23
320,22
319,22
320,23
320,25
319,22
318,24
318,22
320,23
320,24
320,23
316,22
319,22
320,21
320,23
319,23
318,22
320,22
319,23
320,23
319,23
320,22
320,23
319,22
319,23
319,24
320,22
320,23
318,23
319,22
318,23
319,23
319,22
318,23
318,23
320,24
318,24
318,23
320,24
319,23
316,22
320,23
319,23
319,23
318,21
320,23
318,21
320,23
320,23
320,22
319,21
318,24
317,23
320,23
319,23
320,24
320,23
317,23
318,23
318,24
320,23
319,24
320,23
318,22
320,23
318,24
319,23
319,23
318,25
320,23
317,23
318,23
320,23
319,22
319,24
320,23
319,22
318,22
320,23
317,24
318,23
318,23
317,24
320,23
316,22
317,22
319,22
319,22
320,22
319,22
319,22
320,23
315,23
320,23
316,23
320,22
317,24
320,23
319,23
319,24
320,23
318,24
319,22
317,23
320,23
319,23
319,23
317,23
317,22
320,23
317,23
319,22
318,23
319,24
320,22
319,25
317,22
316,23
320,23
320,23
319,22
320,23
319,21
318,23
318,23
320,22
319,23
318,23
319,22
319,23
319,22
314,22
319,23
319,22
318,23
320,23
320,24
318,22
320,23
317,22
316,21
318,23
317,22
318,22
318,22
320,23
320,23
320,23
317,22
319,22
320,23
319,22
320,22
319,24
320,21
320,22
316,23
319,22
320,23
319,22
319,23
319,24
319,22
319,23
320,23
316,23
320,23
320,23
320,23
318,24
320,23
320,24
320,23
319,22
316,22
317,21
318,24
318,22
320,24
318,23
319,23
319,23
319,22
320,23
320,22
317,22
319,23
319,23
318,23
318,23
318,23
317,23
318,24
317,21
320,22
319,23
320,22
320,22
320,23
320,22
319,24
320,23
319,22
318,23
318,23
317,22
319,23
320,23
318,24
319,24
320,23
319,24
320,22
320,23
318,22
318,22
320,23
319,24
317,22
320,23
319,24
319,23
318,23
316,22
320,23
319,22
316,21
318,23
318,23
320,24
320,24
317,23
319,22
319,23
319,24
317,23
320,24
320,23
319,22
319,24
318,25
320,24
320,23
320,22
317,23
316,23
316,23
319,23
319,23
320,23
319,23
320,23
320,23
320,23
319,23
319,24
318,23
320,23
319,25
319,22
320,23
320,23
319,24
319,24
315,23
319,23
319,23
319,23
318,22
318,23
319,23
320,23
316,23
319,24
316,22
318,23
320,23
319,23
320,22
318,23
317,22
319,22
319,24
318,23
319,23
320,23
319,22
318,23
317,23
318,23
319,23
319,23
318,24
318,23
319,22
318,23
320,21
320,22
319,22
319,23
319,22
320,24
319,23
319,23
319,24
317,23
315,23
319,23
320,22
318,23
319,23
319,23
318,23
319,23
320,23
317,23
320,24
319,22
320,22
319,22
320,24
319,23
319,22
317,23
319,22
319,22
319,23
315,24
318,24
319,23
318,23
319,23
319,23
320,24
316,23
319,23
319,23
320,23
320,24
320,23
319,23
320,23
319,23
319,23
317,24
319,22
320,23
319,24
319,23
319,22
319,23
320,23
320,23
320,24
317,22
319,23
320,23
320,23
320,23
318,23
317,23
320,22
319,24
317,22
319,23
318,22
318,22
318,22
317,23
318,23
320,23
317,24
318,23
319,23
319,23
318,25
318,23
320,23
317,23
317,23
319,23
320,23
320,23
320,22
319,22
319,23
320,25
320,23
318,24
319,24
318,22
319,23
318,22
315,23
317,22
320,23
318,24
319,23
320,23
319,23
318,23
316,23
318,24
317,24
319,22
318,24
316,24
320,23
318,23
320,22
319,22
319,23
317,24
318,22
319,23
319,22
315,23
319,23
318,24
318,22
319,21
319,24
317,22
320,23
320,23
320,23
319,23
316,22
317,24
319,23
319,22
318,21
318,24
320,22
317,23
320,22
316,22
316,23
319,22
320,23
320,22
319,24
317,23
317,22
319,23
319,22
319,23
320,23
320,23
319,23
317,24
318,23
317,22
319,24
319,23
319,22
318,24
319,22
319,24
318,23
319,23
316,23
319,23
320,23
318,22
319,22
320,23
320,22
319,23
318,23
319,23
320,23
318,22
319,24
317,22
319,23
319,24
319,23
320,23
320,23
320,23
320,23
319,24
318,22
318,24
320,23
318,22
320,22
320,22
320,23
319,23
318,24
320,23
320,24
318,24
320,23
320,23
318,24
317,23
319,22
319,23
316,22
317,24
315,23
320,24
320,22
319,24
319,23
320,22
318,22
318,22
319,23
319,22
319,22
317,22
320,23
319,24
318,25
317,23
318,23
320,25
320,23
319,24
320,23
320,23
318,23
317,22
320,23
320,22
319,24
320,23
320,22
319,22
317,22
319,24
319,23
320,23
318,23
318,23
318,21
320,23
318,21
320,24
317,22
320,24
319,23
320,23
320,23
316,23
318,24
318,23
319,23
319,24
319,24
318,22
318,23
319,23
318,24
319,24
320,23
319,24
320,23
320,24
319,22
317,23
317,23
319,23
317,23
320,23
319,22
319,24
316,23
320,25
319,22
317,22
319,22
318,23
317,23
319,22
320,24
319,22
319,23
320,24
319,23
319,23
319,22
319,23
319,23
319,24
319,22
320,24
320,23
319,22
320,23
319,22
319,24
319,24
318,22
319,23
319,23
319,24
318,23
318,23
315,23
320,23
319,23
318,23
317,23
319,23
318,22
318,23
320,22
318,23
320,23
320,22
315,23
318,22
317,25
319,24
318,23
318,23
317,23
319,22
320,24
317,22
318,22
318,24
318,23
319,23
319,24
317,22
320,23
319,23
318,22
317,22
318,23
318,23
319,25
317,23
317,22
320,23
318,23
319,23
320,23
320,24
320,24
320,22
319,22
320,23
319,23
320,25
320,23
319,23
317,24
318,22
318,23
319,23
320,23
319,24
318,22
319,23
319,22
318,23
320,22
319,23
319,24
319,23
320,23
320,23
320,22
317,23
319,24
318,23
319,24
320,23
319,25
318,23
319,23
318,24
319,24
320,23
318,23
319,23
319,22
319,22
319,24
317,23
320,24
319,23
319,23
318,22
319,23
318,24
320,24
320,23
317,24
319,24
319,24
318,24
320,23
320,23
319,22
318,23
318,23
316,23
320,24
319,23
319,24
319,23
315,22
319,23
320,23
320,24
318,23
319,23
318,22
320,23
320,22
319,23
319,23
319,24
319,23
318,22
318,24
318,23
318,22
318,22
319,22
320,24
318,24
320,21
319,23
320,23
319,23
320,23
318,23
320,23
317,23
319,23
319,23
318,22
320,23
319,22
319,22
320,23
319,23
320,24
320,24
318,22
319,22
320,22
319,24
320,24
319,22
319,24
319,23
320,24
319,23
317,22
318,23
317,23
319,24
319,23
319,23
319,23
319,24
318,23
318,23
320,22
320,23
319,23
319,23
320,24
320,23
320,23
319,24
318,22
317,23
320,23
320,23
318,23
319,24
318,23
320,22
318,22
318,23
318,23
318,22
320,22
318,23
320,24
320,24
318,22
319,23
317,23
318,23
318,23
320,23
318,23
319,22
318,23
320,24
319,22
318,22
320,22
318,22
320,22
317,23
319,24
319,24
320,23
320,22
318,24
318,21
320,24
320,22
319,22
319,23
317,23
320,21
318,23
318,22
318,24
318,23
319,22
319,23
319,22
320,22
316,22
318,24
319,23
319,23
320,22
320,23
319,23
317,22
318,23
319,24
319,22
320,23
320,23
320,24
319,23
319,23
319,23
319,26
320,25
319,22
320,23
318,24
318,24
320,23
319,23
320,22
320,23
319,24
320,24
319,24
319,23
319,24
319,24
319,23
319,22
319,23
318,24
320,22
318,23
318,22
319,24
318,24
316,23
318,24
320,22
318,22
320,23
317,23
319,22
318,22
319,23
319,22
319,23
319,22
318,23
318,22
317,23
319,24
320,23
313,22
319,24
318,24
317,23
320,23
319,23
317,22
317,21
319,22
319,23
320,23
319,23
320,23
320,22
319,25
319,23
319,23
318,23
317,23
320,22
320,22
319,23
320,23
319,24
320,23
318,23
316,22
318,23
318,23
318,23
319,24
319,22
319,22
317,23
320,24
318,23
319,23
319,24
315,20
320,23
319,23
319,24
318,22
318,22
319,23
320,23
318,22
319,23
318,23
318,22
320,23
318,22
320,23
317,24
317,23
317,23
320,23
318,23
320,23
317,22
320,23
318,23
319,22
318,23
318,22
319,24
318,23
319,24
319,23
317,22
318,24
317,23
320,23
320,24
319,25
320,23
320,23
320,24
319,24
320,23
320,23
320,23
319,24
318,24
320,24
318,24
320,24
319,24
320,22
320,24
318,24
319,23
317,22
318,23
317,23
319,24
319,23
320,23
320,23
320,23
320,24
318,22
319,22
319,23
319,24
319,23
319,22
319,22
319,23
320,21
319,22
319,22
320,23
319,23
318,23
319,22
319,23
319,23
320,22
318,24
319,23
320,23
320,22
318,22
319,23
318,22
319,22
319,24
318,23
320,23
318,23
320,23
320,23
318,23
317,23
319,24
318,23
320,23
319,23
316,22
320,22
319,24
319,23
318,23
320,24
320,23
318,22
318,24
318,23
319,22
318,24
320,23
318,23
320,23
316,24
320,23
319,23
319,23
319,23
318,23
320,22
318,23
319,22
320,23
319,23
319,22
317,23
318,22
320,23
319,23
318,23
315,22
318,23
318,22
320,22
320,24
320,22
316,23
319,23
319,23
319,23
317,23
319,23
320,22
318,22
320,22
319,23
318,23
319,23
319,24
318,24
320,22
318,24
319,23
320,23
319,21
320,23
319,23
319,24
320,23
320,23
319,23
318,23
318,23
319,24
320,22
320,23
319,24
319,23
319,23
319,24
317,24
320,23
318,23
318,22
318,24
318,22
319,23
320,23
318,22
319,23
320,22
320,23
320,23
319,25
319,24
316,24
319,22
318,21
319,23
316,22
320,24
317,24
319,23
320,23
319,23
320,22
319,24
320,24
319,23
320,22
320,23
320,23
